"Y","X1","X2","A","B","group"
1,5.36074050863214,1.71552689623705,0,0,1
0,0.19645968824625,1.73080240930718,0,1,1
0,0.484624286182225,1.76954643709432,1,1,1
0,0.80129765253514,1.71552689623705,0,1,1
0,2.14266293860021,1.77215816073535,1,1,1
0,1.28610167745501,1.71552689623705,0,1,1
0,0.438696618191898,1.71552689623705,1,1,1
0,2.63136889777126,1.8265782832349,0,0,1
1,1.91894567563179,1.71552689623705,0,1,1
0,2.9756516259787,1.72201647951008,0,1,1
0,0.657373931258917,1.71552689623705,1,1,1
0,3.00099034360722,1.71552689623705,1,1,1
0,4.00230676664,0.979060759542729,0,1,2
0,2.49610210760477,0.979060759542729,1,1,2
0,1.650669548013,1.01416313177443,1,1,2
1,0.694217049033656,1.06049744428133,0,1,2
0,0.203702883092501,0.979060759542729,0,0,2
0,3.65664888156538,0.979060759542729,1,1,2
0,0.531574863009155,1.09875113557437,0,0,2
0,1.74508988118977,1.05134827796584,1,1,2
0,1.19474780373275,0.992950313639151,1,1,2
0,1.86707784972134,0.979060759542729,1,1,2
0,1.62674842393937,0.979060759542729,1,1,2
1,5.88691698725438,0.532121038383542,0,0,3
0,0.925337558612227,0.590556534928122,0,1,3
0,9.35239038566008,0.544366786197379,1,1,3
1,0.191314104808315,0.532121038383542,1,1,3
1,0.896375169977546,0.532121038383542,0,0,3
0,1.54033919333606,0.576005010723282,1,1,3
0,5.54319446881242,0.532121038383542,0,0,3
0,0.430046295747161,0.532121038383542,1,1,3
0,1.24160184618086,0.532121038383542,1,1,3
1,0.0536874592492519,0.551453039401338,0,0,3
0,0.456708097997824,0.574694823976438,0,1,3
1,0.0141890938850215,0.810600622009439,0,1,4
1,3.31049927679782,0.770174550943396,0,1,4
0,0.662050476283173,0.809814905773569,0,1,4
0,0.587375531283146,0.770174550943396,0,0,4
0,2.29714735030177,0.819205562407183,0,1,4
1,0.200724928639829,0.787277190874435,1,1,4
0,0.166490640728409,0.816402716584393,0,1,4
0,1.58089000427456,0.770174550943396,0,1,4
1,0.43983952794224,0.786918040320358,0,0,4
1,2.35946782856228,0.770174550943396,1,1,4
0,4.46597206939883,0.770174550943396,1,1,4
0,2.84125887585764,0.770174550943396,1,1,4
0,0.541646763673688,0.819841980422023,0,1,4
0,1.79256982161644,0.770174550943396,1,1,4
0,1.28800607472658,0.84780234110072,0,0,4
1,0.991520991051352,0.770174550943396,0,0,4
0,1.76527131526711,1.25487249211916,0,1,5
0,1.70935411556604,1.34220045409535,1,1,5
1,0.407240711333658,1.25487249211916,1,1,5
0,0.119879556819797,1.30835675637243,0,0,5
0,3.06727528184147,1.25487249211916,0,0,5
1,1.53979258044603,1.25623456802191,0,1,5
0,0.338349281810224,1.26129165556017,0,1,5
1,0.334397473429465,1.25487249211916,0,1,5
0,2.38828060767593,1.25487249211916,0,0,5
0,0.359397688880563,1.28776762537626,1,1,5
1,0.00316548813134432,1.26388071044461,1,1,5
0,2.84309467167954,1.25487249211916,0,0,5
1,0.804314237552249,1.28104901707039,0,0,5
0,7.88235009792161,1.29379696799146,0,0,5
0,3.55835752917414,1.27199555736893,0,0,5
0,0.419425269958042,1.25487249211916,1,1,5
1,0.332731047770784,1.25487249211916,0,1,5
1,1.33443732652813,1.25487249211916,0,0,5
0,0.429339426828759,1.66184099997334,0,0,6
0,2.55792873329445,1.64620966404529,0,0,6
0,0.307500745169818,1.57413279445175,1,1,6
0,1.97585197157207,1.62815401866721,0,0,6
0,2.32719863011482,1.61586420628121,0,0,6
0,1.55261638752165,1.54722642680253,1,1,6
0,8.04210810103273,1.54722642680253,1,1,6
0,4.58485121627278,1.54722642680253,0,0,6
0,0.73015708103776,1.55478184083302,1,1,6
0,0.232043028654435,1.54722642680253,0,0,6
0,1.5186197850013,1.60986843162871,0,0,6
0,0.382509336955633,1.60826870907318,1,1,6
0,1.23122161906213,0.817926035208611,0,0,7
0,0.748634805902839,0.842914874580521,1,1,7
0,0.51257865761864,0.815972013719173,0,0,7
0,8.78808096745863,0.862029982302613,0,0,7
0,0.542698621749878,0.805221255088751,0,0,7
0,1.19195325516778,0.81710785889575,1,1,7
0,0.0913584084460697,0.808304115473078,0,0,7
1,1.0333897434175,0.826334328798981,0,0,7
0,0.987453570589423,0.863384625375537,0,0,7
0,0.498890230432153,0.84215587499924,0,0,7
0,6.62622465159664,0.832824556316052,0,0,7
1,1.00367023263001,0.866942284415311,0,1,7
0,6.67441562600598,0.8276945156723,0,0,7
0,0.101642010733485,0.805221255088751,1,1,7
0,2.24232005878332,0.805221255088751,0,0,7
0,1.70005555131617,0.850369176828864,0,0,7
0,0.0625493554398417,2.02626710595972,1,1,8
0,0.0358007273549478,2.00728054080239,0,1,8
0,1.27734460029751,2.05521504995512,0,0,8
0,1.20556501485407,2.00728054080239,1,1,8
0,1.12178553082049,2.01168912923341,1,1,8
0,3.20017764700537,2.00728054080239,1,1,8
0,1.27693544980139,2.02248064312826,1,1,8
0,0.0201832074774255,2.00728054080239,0,0,8
0,2.61440948574784,2.00728054080239,0,1,8
0,1.93876575864081,1.02662580863947,0,0,9
1,1.47698362326068,1.09234026049537,0,0,9
0,1.23164623882622,1.02662580863947,0,0,9
0,0.469399502933525,1.02662580863947,0,0,9
0,2.00019032872262,1.02662580863947,0,0,9
0,2.90044320308822,1.02662580863947,0,0,9
0,0.296709763817489,1.07821272354331,0,0,9
1,0.171744135040146,1.02662580863947,0,0,9
0,0.492994203232229,1.03669311000866,0,1,9
0,4.88595705826707,2.10168102542475,0,0,10
0,0.777301848866045,2.15119355944876,0,0,10
0,1.82387484415414,2.1188481616577,0,1,10
0,0.412899159826338,2.10168102542475,0,0,10
0,0.733826688042199,2.10168102542475,1,1,10
0,4.18210987348981,2.10168102542475,0,0,10
1,0.870885448530316,2.1302229453157,0,0,10
1,1.88489776282551,2.10168102542475,0,0,10
0,0.695743515026326,2.13871689442451,0,0,10
0,1.35613158624619,2.21726791069718,0,0,10
0,5.38913293530173,2.10168102542475,1,1,10
0,2.6964021398777,2.12575269852908,0,0,10
0,2.56214781842175,2.12005718896185,0,0,10
1,1.17744160071015,2.18686794097069,1,1,10
1,1.47849452300909,2.14538815995003,0,0,10
0,0.689767099916935,0.708215517489773,0,0,11
1,3.48438293097501,0.681973782805456,0,0,11
0,0.798989338800311,0.681973782805456,1,1,11
0,1.34278335608542,0.689321748993377,0,0,11
1,1.86507786241895,0.794345764195405,0,0,11
1,0.804203366860747,0.726934367700491,0,0,11
0,3.53139010054951,0.681973782805456,0,0,11
0,4.11151912046557,0.681973782805456,0,0,11
0,5.25344379593558,0.681973782805456,0,0,11
0,0.545301119274552,0.684702509031401,0,0,11
0,6.9417847234771,0.681973782805456,0,0,11
0,0.14523833617568,0.69705130552852,0,0,11
1,0.0206740168714428,3.78923589103369,1,1,12
0,3.13119062667208,3.79507922362358,1,1,12
0,2.45928647547009,3.84790998566503,1,1,12
0,2.2118027190769,3.78923589103369,0,1,12
0,0.442130470648408,3.84286140375684,0,1,12
0,0.967927692458034,3.78923589103369,0,1,12
0,1.32530799694359,3.78923589103369,1,1,12
0,1.07504796236753,3.78923589103369,0,1,12
0,1.03524626605213,3.8056930354547,0,0,12
0,0.688259370625019,3.82103392393702,0,0,12
0,0.138335928320885,3.78923589103369,0,0,12
0,1.47272764137926,3.80630523444699,1,1,12
0,0.246128938160837,3.78923589103369,0,1,12
0,0.139320959337056,3.78923589103369,1,1,12
0,0.206136993132532,2.13675713539709,1,1,13
0,2.3200317955667,2.11830465376863,0,0,13
0,2.59306609622183,2.19724285456629,0,0,13
0,1.68330575517359,2.11830465376863,1,1,13
1,0.0369558269158006,2.11830465376863,1,1,13
0,4.93757183452077,2.124176681029,1,1,13
1,0.840787819586694,2.11830465376863,0,0,13
1,1.02593643870205,2.11830465376863,0,0,13
0,3.06176314113622,2.11830465376863,0,0,13
0,0.37357619497925,2.12167521615323,0,0,13
0,2.4753709732646,2.15253167083537,1,1,13
0,3.07605606300716,0.650383680236826,0,0,14
0,0.463851265609264,0.61057994768956,0,0,14
0,2.98598497563459,0.61057994768956,0,0,14
1,1.44193938179853,0.61407218632098,0,0,14
1,0.149090886116028,0.61057994768956,1,1,14
0,1.21393958944827,0.639466098439526,1,1,14
0,2.24995788364651,0.687138904181938,1,1,14
0,4.34792653073497,0.61057994768956,0,0,14
0,2.41302161096575,0.625334781764906,1,1,14
1,0.142233437858522,0.61057994768956,0,0,14
0,3.97297933124713,0.616824331429986,1,1,14
0,1.83008852012703,0.61057994768956,0,1,14
0,0.696654896251857,0.61057994768956,0,0,14
1,5.69251808490524,0.716483735311257,0,0,14
0,0.582609040240262,0.61057994768956,1,1,14
1,5.09913169194884,0.614281254901909,0,0,14
0,8.72290120223417,1.66157054891736,1,1,15
0,1.88184166376811,1.66157054891736,0,0,15
1,1.78593945867362,1.66157054891736,0,0,15
0,1.71787306099179,1.66157054891736,0,1,15
0,0.680156146176159,1.66157054891736,1,1,15
0,1.63034434608164,1.73792588058323,1,1,15
0,0.701956320554018,1.66157054891736,1,1,15
0,7.26812563422036,1.57616628116982,1,1,16
0,2.99108847586398,1.55099380790772,0,0,16
1,2.14292388400974,1.56272619672875,1,1,16
0,1.18599561136216,1.5428552474315,0,0,16
0,1.71944467333119,1.54057147947247,0,0,16
0,3.67358921109927,1.54057147947247,0,0,16
1,1.60875531836393,1.54057147947247,0,0,16
0,2.95510382321304,1.60411025016969,1,1,16
0,0.245622578077018,1.54057147947247,1,1,16
1,2.40552580534461,1.57591675646819,1,1,16
0,2.75657214215937,1.54057147947247,0,0,16
0,0.0747355651110411,1.54057147947247,0,0,16
1,2.25255988716128,2.50362441945084,0,1,17
0,1.9051831717694,2.47561053963208,1,1,17
0,2.04352484076264,2.47561053963208,1,1,17
0,1.23170164320618,2.47561053963208,0,1,17
0,0.285026011319036,2.47561053963208,0,1,17
0,1.6821546907315,2.47561053963208,1,1,17
0,2.62467753133717,2.47561053963208,0,0,17
0,1.58072783417048,2.47561053963208,0,1,17
0,9.47052208283796,2.47561053963208,1,1,17
0,1.00197974592447,2.47561053963208,1,1,17
0,1.48567026286366,2.48359928409316,1,1,17
0,3.13869644312148,2.53791409071225,1,1,17
0,0.0326017662882805,1.03836766969649,0,0,18
1,7.73542038681817,1.00640026446689,0,0,18
0,4.75303841729589,1.00640026446689,0,0,18
0,1.00492824055254,1.07727573043789,0,0,18
1,2.84309675904483,1.03887702331336,0,0,18
0,3.48069978861098,1.00640026446689,0,0,18
0,3.97829315794592,1.03029358418241,1,1,18
0,10,3.40758263938373,0,1,19
0,0.647635015427945,3.40758263938373,1,1,19
0,5.73761554028759,3.45579545695091,1,1,19
0,2.69198186314645,3.52043671291177,1,1,19
0,3.70822236670141,3.40758263938373,0,1,19
0,0.295777764260251,3.42826058465648,1,1,19
0,4.01796321672865,3.40758263938373,1,1,19
0,0.714674974791706,3.40758263938373,1,1,19
0,0.667632536962628,1.97099963072521,0,0,20
0,3.95908346651243,1.97099963072521,0,0,20
1,1.02014492917806,1.98413270127714,0,0,20
0,0.340640087611973,1.97099963072521,1,1,20
0,1.75787682264092,1.98559531204428,0,1,20
0,0.0654666523099646,1.97099963072521,0,1,20
0,1.48378947927597,1.97099963072521,0,0,20
0,1.98350233442611,1.97099963072521,0,0,20
0,0.279202232137322,1.99511771087122,0,0,20
0,0.475224697031081,1.97099963072521,0,0,20
1,4.69354221572108,1.97099963072521,0,1,20
0,9.50367782214537,1.97099963072521,1,1,20
0,1.28150873817503,1.97099963072521,0,1,20
0,2.15669768992664,0.279990555661293,0,1,21
0,1.22485705371946,0.279990555661293,1,1,21
0,0.681127749410561,0.324189758473779,1,1,21
1,2.0914015303457,0.279990555661293,1,1,21
0,1.66416781573536,0.325734125478744,1,1,21
0,4.88072275717683,0.279990555661293,1,1,21
0,2.04600031045805,0.279990555661293,1,1,21
0,0.27103047631681,0.279990555661293,0,1,21
0,1.47227091706338,0.279990555661293,0,1,21
0,0.145264748483896,0.304482325941186,1,1,21
1,0.603144160471857,1.0131158178393,0,0,22
0,0.0946243004873395,1.05372867446252,1,1,22
0,1.61648880913666,1.03131871470956,1,1,22
0,0.106777035366945,1.0131158178393,1,1,22
0,0.196682875044644,1.0131158178393,1,1,22
0,0.118425153701215,1.0131158178393,0,0,22
0,6.81856888499031,1.0131158178393,1,1,22
1,3.95087733102922,1.11520079204491,0,0,22
0,7.50920258047891,1.0131158178393,0,0,22
1,4.49073254255356,1.03170214453649,0,0,22
0,0.587676048278809,1.01632418806097,1,1,22
1,1.61294252230766,1.09232838738398,0,0,22
0,1.49219155797868,1.0131158178393,0,0,22
1,1.7007774001251,1.0131158178393,0,0,22
1,0.497124918736517,1.03209304005471,0,1,22
0,1.11709005851299,1.0131158178393,0,1,22
0,1.41496489002349,1.0131158178393,1,1,22
0,2.12525442910968,1.04224099429947,1,1,22
0,1.81676341310388,1.0131158178393,1,1,22
0,2.44978092229905,0.674042729477968,0,1,23
0,0.25042314082021,0.670475946564401,0,0,23
0,2.52374435952845,0.711919198041362,1,1,23
0,2.49053915115184,0.670475946564401,0,0,23
0,5.08970720668264,0.670475946564401,1,1,23
0,6.67048388095853,0.722721258424899,0,0,23
0,2.94568260247978,0.670475946564401,1,1,23
0,0.306103446149058,0.670475946564401,0,0,23
0,6.68248562481175,0.670475946564401,0,0,23
0,1.09086459968239,0.72417888953446,1,1,23
0,0.530456503927831,0.707598426562816,1,1,23
0,0.652758584357798,0.699102772821645,1,1,23
0,1.79665685809197,0.739625339073277,1,1,23
0,0.786135805770755,1.92921652416176,0,0,24
0,0.201787063922802,1.94910387786108,0,0,24
0,1.57415989704427,1.92921652416176,0,0,24
1,1.02565399520495,1.97808549104764,0,0,24
0,1.28001342806965,1.92921652416176,0,0,24
0,1.50467416076901,1.95176050178239,1,1,24
0,0.0848203683272004,1.92921652416176,1,1,24
0,7.27769206049752,1.92921652416176,0,0,24
0,0.754542580805719,1.98240577147086,1,1,24
0,0.0881857823454807,1.92921652416176,1,1,24
0,6.65919774959351,0.86014648323696,0,0,25
1,1.35002304334193,0.830230648382232,0,0,25
1,1.63193554422798,0.830230648382232,0,0,25
0,3.24276251701598,0.859113633080401,0,0,25
1,0.39813644811511,0.834675279592855,0,0,25
0,0.609013685956597,0.865450044658164,1,1,25
1,0.563364584226998,0.830230648382232,0,0,25
1,0.799881615535303,0.830230648382232,0,0,25
0,0.515114460140467,0.832038547912682,0,0,25
0,0.431804778054357,0.899016539103165,0,0,25
0,2.2200997340584,0.898073968554312,0,0,25
0,1.02165464311838,0.928636408555828,0,0,26
0,2.83305644227152,0.961615692195589,0,0,26
1,3.06223807839637,0.941795951448839,0,0,26
0,1.15165611729026,0.929765217757005,1,1,26
0,3.67630339397078,0.928636408555828,1,1,26
0,1.39086129300512,0.938932499323357,1,1,26
1,1.9764701673316,0.950454433964993,0,0,26
1,0.314416533336043,0.928636408555828,0,0,26
0,0.697180608732969,0.950147067983195,0,0,26
1,0.0109669044613838,0.928636408555828,0,0,26
0,0.5662462990731,0.996716305387024,0,0,26
1,0.0557504846348321,0.934533205292905,0,0,26
0,3.30984512327199,0.928636408555828,1,1,26
1,0.230198620165169,0.928636408555828,0,1,26
1,8.02286375644517,1.00823951914896,0,0,26
0,0.660912031307817,3.17257441208729,0,0,27
0,5.71229778196583,3.09497272295584,1,1,27
0,1.05408870708197,3.09497272295584,1,1,27
0,0.664722730405629,3.13251932510161,1,1,27
0,1.45243681958857,3.12269762055201,1,1,27
0,0.333532551303506,3.09497272295584,0,1,27
0,0.0647987832127351,3.14404870124842,0,1,27
0,0.785505006089807,3.09497272295584,1,1,27
0,3.24235088733916,3.09497272295584,0,1,27
1,0.194631822323898,0.931218309205323,0,0,28
1,3.0284263564456,0.951940950095892,0,0,28
0,5.43006167163081,0.929889973414245,0,0,28
1,0.892611980438232,0.929889973414245,0,0,28
0,3.83463251946454,0.929889973414245,0,0,28
0,4.05394628254657,1.58093729027958,1,1,29
0,0.215430576354265,1.58093729027958,1,1,29
0,9.87401672848234,1.62711088244533,0,0,29
0,0.989807475245229,1.58093729027958,1,1,29
0,2.70592140025439,1.60042978961315,1,1,29
0,0.0749793720726897,1.58093729027958,1,1,29
0,1.08743942715228,1.58093729027958,1,1,29
0,0.985760184936225,1.60807764580708,1,1,29
0,1.79445434353294,1.63911605613453,1,1,29
0,0.704612832516432,1.58093729027958,1,1,29
0,0.339076619595289,1.62488004255942,1,1,29
1,0.692696133102232,1.60117102908114,1,1,29
1,2.27815114698353,1.63164964738634,0,1,29
0,4.27179255779137,1.58093729027958,0,0,29
0,0.249840683303773,1.58827024191996,1,1,29
0,1.09858566056937,1.6002843614164,1,1,29
1,0.12052047252655,0.189311756077653,0,1,30
0,0.984927077777684,0.151209477629165,1,1,30
0,3.18690954504495,0.206823517678485,1,1,30
0,3.37171038223391,0.175002903630294,0,0,30
1,0.728637392074836,0.202823507471715,1,1,30
0,4.78285610278077,0.186509922066933,0,0,30
1,1.59195317878368,0.181144971561968,1,1,30
0,5.34779481937118,0.151209477629165,0,0,30
0,6.30006633381351,0.151209477629165,0,0,30
0,1.0268301749602,0.26298738786643,0,0,30
0,1.06932235509157,0.151209477629165,0,1,30
0,6.44079245593319,0.224276389735968,1,1,30
1,3.86823233572726,0.549596635604156,0,0,31
0,1.12013281695545,0.59275065762152,0,1,31
0,1.33128678519279,0.512261280108313,0,1,31
0,0.358330983668566,0.560966356884754,1,1,31
1,2.77456542617847,0.542012018629647,0,0,31
1,0.712077772244811,1.86324405622453,0,0,32
0,3.74905412254815,1.86324405622453,1,1,32
0,2.63203423275592,1.90307288746525,0,0,32
0,5.92459690537224,1.86324405622453,1,1,32
0,1.74519097009244,1.86324405622453,1,1,32
0,7.32424122397878,1.87957695457852,1,1,32
0,2.52726831092479,1.86324405622453,1,1,32
1,1.20411441638654,1.86324405622453,1,1,32
0,0.429346594299536,1.86324405622453,0,0,32
0,0.760108424178185,1.88942069734501,1,1,32
0,1.21908893994987,1.8951878506837,1,1,32
0,1.99945445164087,1.86324405622453,1,1,32
0,1.55621446909661,1.89326720320966,1,1,32
0,0.595372848379706,1.86324405622453,1,1,32
0,8.66662698097409,1.90889269332894,1,1,32
0,4.92871953894324,0.869178443623719,0,1,33
1,1.00506077520549,0.869178443623719,0,1,33
1,3.4550545325685,0.869178443623719,0,0,33
0,4.59769643445439,0.869178443623719,1,1,33
0,5.72028699483643,0.903136640242336,1,1,33
1,3.50740121412928,0.916500123650621,0,0,33
1,0.0387198990210891,0.442808466655089,1,1,34
0,0.764253006316721,0.443475440819463,1,1,34
0,3.06327725883088,0.447730455886213,0,1,34
0,0.61885285563767,0.413507268786611,0,1,34
0,0.608192094601691,0.469370410962911,0,0,34
0,5.1816407551331,0.447321958108415,0,1,34
0,0.0170098645006501,0.454617753121815,1,1,34
0,0.0390231665223837,0.458626270272762,1,1,34
0,0.11295613553375,0.413507268786611,0,0,34
0,0.894884515553713,2.26389464749634,0,0,35
0,1.5692516620362,2.24728977007896,0,0,35
0,0.137700351886451,2.24103273246479,0,1,35
0,2.7433760742748,2.24103273246479,1,1,35
0,6.02254099319164,2.24103273246479,1,1,35
0,1.71428225926104,2.26599015999347,1,1,35
1,2.40853065057638,2.26132112366409,0,1,35
0,1.84173923722448,2.24103273246479,1,1,35
0,0.842231791466475,2.27284425395545,0,1,35
0,1.55211195900085,1.49882324273352,0,0,36
0,0.45987410533971,1.54798120867018,0,0,36
0,1.39149576716273,1.43878338874271,0,0,36
1,0.545581508427858,1.44753624024936,0,0,36
1,6.4470267143465,1.44267906746664,1,1,36
1,0.0241566197946668,1.48204458702605,0,0,36
0,2.95146343840246,1.43878338874271,0,1,36
0,3.1058890097263,1.47462897755852,0,0,36
0,5.09829700340457,1.497868737164,0,1,36
0,1.53220415665748,1.43878338874271,0,1,36
0,10,1.43878338874271,0,0,36
0,0.640564200282647,1.45733649485674,1,1,36
0,1.76505420907381,1.5156758529463,1,1,36
0,0.952812107778002,1.43878338874271,0,0,36
0,0.337762709707022,0.41643277056893,1,1,37
0,1.37702008616179,0.383185657961231,0,1,37
0,0.688710382208228,0.381586276861242,0,0,37
1,1.55665982692483,0.385595112638169,0,1,37
0,0.835792506113648,0.390534402749262,1,1,37
1,0.0496207913898561,0.405537574955837,0,1,37
0,1.03042957279831,0.410347457922609,0,0,37
0,2.40658395356479,0.415292942259278,0,0,37
0,0.414641389261209,0.381586276861242,0,1,37
0,1.68846861450913,0.857106576073486,0,0,38
0,0.407907481305301,0.857106576073486,1,1,38
0,1.43246369055452,0.930497935736474,0,0,38
0,5.05366696764655,0.933459306664782,0,0,38
0,0.949407088570297,0.857106576073486,0,0,38
1,1.70035691737177,0.857106576073486,0,0,38
0,0.0706279166042805,0.89400481185463,1,1,38
0,0.517566978000104,0.90982129772857,0,0,38
0,0.376929230988026,0.916108059167746,0,0,38
1,0.377158258074749,0.857106576073486,1,1,38
0,2.33597045569661,0.860575120214224,0,0,38
1,0.698897194117308,0.860859392075808,1,1,38
0,3.59099723754411,0.857106576073486,0,1,38
0,0.456653500823663,0.929189187896198,0,0,38
0,2.5397172012937,6.68706086799626,0,1,39
0,0.475421239621937,6.68706086799626,1,1,39
0,2.87399712381273,6.68706086799626,1,1,39
0,2.2180847196079,6.73447681078601,0,1,39
0,2.26385835922303,6.70140151139633,1,1,39
0,1.84431925092979,6.70807736580587,0,0,39
0,1.06491777766496,6.73451356492257,1,1,39
0,0.339308359660208,6.68706086799626,1,1,39
0,3.2876636123467,6.74243641823968,0,1,39
0,0.30449194740504,6.7374330969027,1,1,39
0,2.14441303815061,6.68706086799626,1,1,39
0,2.25106666414979,6.68706086799626,0,1,39
0,2.57261039494517,6.68706086799626,1,1,39
0,0.137425650842488,6.68706086799626,1,1,39
0,0.423245947612369,6.68706086799626,1,1,39
0,3.52255538834219,6.77754962494042,1,1,39
0,3.34686505965282,6.68706086799626,1,1,39
0,0.0139896934852004,6.68706086799626,1,1,39
0,0.323823535800266,6.68706086799626,0,1,39
0,0.0314034391194582,2.2812649563805,0,1,40
0,1.40664393938932,2.2812649563805,1,1,40
1,3.0516776589859,2.29472312774049,0,0,40
0,0.58155510108918,2.34620587944961,0,1,40
0,1.46531468062642,2.33478798603978,1,1,40
0,1.91673180311303,2.30159714260739,1,1,40
1,1.28007996827364,2.2812649563805,0,1,40
0,0.747820510528982,2.28759319620821,0,1,40
0,0.370094762102977,2.2812649563805,1,1,40
0,0.445505362935364,2.32009135712757,1,1,40
0,0.41152201872319,2.2812649563805,1,1,40
0,3.86214477179532,2.2812649563805,0,1,40
0,2.60234829216244,2.2812649563805,1,1,40
1,1.3878084694711,0.81657052706562,0,0,41
0,2.31503994408683,0.811669284289777,0,1,41
0,0.935237593017519,0.855096681037049,1,1,41
0,1.03216012939811,0.845906624331105,0,0,41
0,0.354669216088951,0.842310447322069,0,1,41
0,2.43289607196095,0.811669284289777,1,1,41
0,2.51138526379111,0.87389614948364,0,0,41
0,2.13399072169306,0.819630613477624,1,1,41
0,0.0530274531960467,0.811669284289777,0,1,41
0,0.893752044998109,0.865008568141181,1,1,41
0,0.158434169366956,0.811669284289777,0,1,41
0,0.373687840998173,0.847668536338411,1,1,41
0,0.534132593311369,0.811669284289777,0,1,41
0,3.36322969181423,0.614887962414782,0,1,42
1,3.93820983527188,0.673158505146754,0,1,42
0,0.375053345225751,0.614887962414782,1,1,42
0,1.35840605758131,0.614887962414782,1,1,42
1,0.418318194337189,0.614887962414782,0,1,42
0,0.951926182024181,0.614887962414782,0,1,42
0,0.213865295052528,0.624603472891254,0,1,42
1,3.10311209992617,0.614887962414782,0,0,42
0,1.70687919660451,0.614887962414782,0,0,42
0,0.505027775570651,0.724767195355388,0,1,42
1,0.23571482426165,0.639690978608111,1,1,42
0,4.67090308268495,0.422188669870445,0,0,43
0,2.52626192747595,0.390766481376826,0,0,43
0,0.0932983523234725,0.418478734328635,0,0,43
0,2.30747868857327,0.390766481376826,0,1,43
0,0.168521755601924,0.390766481376826,1,1,43
1,1.95304489036733,0.390766481376826,1,1,43
0,2.13116478341781,0.401801192100672,0,0,43
0,3.93570667729752,0.390766481376826,0,1,43
1,8.1657844293387,0.390766481376826,0,0,43
1,2.11713640569689,1.0242291865236,0,0,44
1,1.72128420687261,1.00337190839048,0,0,44
1,0.127071474528348,0.977120954658985,0,0,44
1,2.22049901439788,0.977120954658985,1,1,44
1,5.41698958327003,0.977120954658985,0,0,44
1,1.10903275944293,0.977120954658985,0,1,44
0,2.20596905975583,0.979527880411725,1,1,44
1,3.09776239080315,0.98702694486926,0,0,44
0,1.9265009946281,0.977120954658985,0,1,44
0,2.50800746298375,0.978962534741879,0,0,44
1,0.0832876246126575,0.977120954658985,0,0,44
0,4.63936695526019,0.977120954658985,0,0,44
0,5.37289645125098,0.45621377040837,0,1,45
1,0.357800359837711,0.471720226396582,0,0,45
1,0.0614750254899263,0.45621377040837,0,0,45
0,0.801757556570846,0.45621377040837,0,0,45
0,2.13628255753758,0.476324574914543,0,0,45
1,0.975356341326966,0.45621377040837,0,0,45
0,2.82073947770481,0.45621377040837,0,0,45
0,0.547812077369894,0.45621377040837,0,1,45
0,1.57496650121127,0.45621377040837,0,0,45
0,0.686677247285843,0.479688262181153,1,1,45
0,4.62227325110508,0.45621377040837,0,0,45
0,3.80686813203578,0.482381598609009,1,1,45
0,1.75647092844662,0.45621377040837,0,0,45
0,0.118507394666906,0.45621377040837,0,0,45
0,1.36452940572053,0.462838146501927,1,1,45
0,1.43087743050638,1.64003522975276,1,1,46
1,1.57215048550608,1.62220112706021,1,1,46
0,0.178570307229904,1.62220112706021,0,0,46
0,0.00953161224221396,1.63825703584499,0,0,46
0,1.26256781350821,1.696907013809,1,1,46
0,2.28599450170043,1.62220112706021,1,1,46
0,1.16476034745574,1.65912423669706,0,0,46
0,1.59579605041983,1.62220112706021,1,1,46
0,0.175163521431386,1.67021677852294,1,1,46
0,3.67038572833657,2.40592938332387,1,1,47
0,2.83540027199273,2.41352265761997,0,1,47
1,3.13046935928946,2.40592938332387,0,0,47
1,1.14170709997416,2.43122939263631,0,0,47
0,2.76489629401805,2.46065664242749,1,1,47
0,3.55502108840232,2.40592938332387,0,0,47
0,1.16435252409428,2.61796302603259,1,1,48
0,0.332711099646986,2.69451434759224,1,1,48
0,2.09472416519167,2.62821733404851,0,1,48
0,2.38792438237908,2.73275869436608,1,1,48
0,3.31757802499418,2.61483758188708,1,1,48
0,0.391639860346913,2.61483758188708,0,1,48
0,2.9325911401022,2.61483758188708,1,1,48
0,0.829032391309738,2.62705934772031,1,1,48
0,0.0591291459277272,2.66792294132176,1,1,48
1,5.18169331897922,2.63742214299254,1,1,48
0,1.66979612774196,2.61483758188708,1,1,48
0,1.93466204884314,2.65516159038897,1,1,48
0,1.90563084851667,2.66727256083191,1,1,48
0,3.1576952683734,2.64357659488794,0,1,48
0,3.03766640196201,2.61818338120892,0,1,48
0,0.808368344791234,2.66342570898026,1,1,48
0,2.74981282829287,2.61483758188708,0,1,48
1,1.87601364023032,2.61483758188708,1,1,48
0,1.18688846565783,2.62442655649883,1,1,48
0,1.4712458460009,2.61896798620698,0,1,48
1,0.421765509061515,1.52820592993772,1,1,49
0,1.13216939661652,1.44214762764228,0,0,49
0,0.789259439334273,1.54867240355193,0,0,49
0,1.7662587276751,1.47561731776918,0,0,49
0,3.94304914383178,1.44214762764228,1,1,49
0,2.90405746042455,1.48752775887483,0,1,49
0,0.806639267131686,1.44214762764228,1,1,49
0,0.601135734468699,1.46372260802592,1,1,49
0,4.02872989309912,1.49207963018334,1,1,49
0,1.04898904937948,1.44214762764228,1,1,49
0,1.68356364648298,1.57098633547283,0,0,49
0,1.23089785408229,2.10432619531365,1,1,50
1,0.696764162090344,2.14590719948619,0,0,50
0,0.445711880922318,2.1089268837656,0,1,50
0,0.271560059860349,2.10432619531365,1,1,50
0,3.32687622664456,2.10432619531365,1,1,50
0,0.507867477721157,2.11516401232095,0,1,50
0,0.586128372699022,2.10432619531365,0,0,50
0,9.24866888621702,2.10432619531365,1,1,50
0,2.21515956233004,2.11510089502825,0,0,50
0,5.45723012437053,2.13023854614499,0,0,50
0,1.05554291047156,2.10432619531365,0,1,50
0,1.58923343442283,2.12277730667157,0,0,50
0,3.21429265136224,2.10432619531365,1,1,50
0,0.727897961239968,2.13395534017201,0,1,50
0,1.0581814236939,2.11927722357288,1,1,50
1,0.687892486182625,2.10523177109372,0,1,50
0,0.249903051182628,0.97222084635389,0,0,51
0,3.12767191959505,0.97222084635389,0,0,51
1,7.2092962275473,0.979575038357902,0,0,51
1,2.77249883665683,0.996143987039644,0,0,51
0,4.15645058436279,0.97222084635389,0,0,51
0,0.558512982912362,0.97222084635389,0,0,51
1,1.41789147063139,0.97222084635389,0,0,51
1,1.83551787576618,0.97222084635389,0,0,51
0,1.20868547540158,0.981491599140804,0,0,51
0,0.75783344451338,0.97222084635389,1,1,51
0,0.0971423201262951,1.02818187085495,0,1,52
0,2.9700173435915,1.06498376825736,0,1,52
0,0.583311759866774,1.12044972468557,1,1,52
0,0.729761581867933,1.11240204048753,1,1,52
0,1.99116827539148,1.04644452291449,0,1,52
0,3.02128154022579,1.02818187085495,1,1,52
0,1.53281305163147,1.03512544743091,1,1,52
0,0.830935513492074,1.10799825935741,1,1,52
0,1.04386833596597,1.09649945167287,1,1,52
1,5.33901372899242,1.08305525161102,1,1,52
0,3.2910586556602,1.06505380762472,1,1,52
0,1.05123329757906,1.02818187085495,1,1,52
0,2.37954095183852,0.540621652159817,1,1,53
0,0.356384936720133,0.438384487958232,1,1,53
1,0.447895734960387,0.438384487958232,0,1,53
0,3.62731242535596,0.462773679415383,0,1,53
1,0.737958419136703,0.458375582854978,0,1,53
0,1.16513439081609,0.438384487958232,1,1,53
0,0.209098300896585,0.438384487958232,0,0,53
0,0.261385090649128,0.438384487958232,0,1,53
0,0.688094188459218,0.489071314309872,0,0,53
0,2.8332225268889,0.438384487958232,1,1,53
0,2.28049675925615,0.438384487958232,0,0,53
0,2.01565482645276,0.907882421418361,1,1,54
0,2.76788894823732,0.903792759250868,0,0,54
0,1.07405185513198,0.94751243563233,0,0,54
0,0.224725918844342,0.903792759250868,1,1,54
1,2.22857421814444,0.953896449771787,0,0,54
0,0.477059653028846,0.940517434887052,0,0,54
0,3.05495718477254,0.903792759250868,1,1,54
0,2.01877739238619,0.904358017669425,0,1,54
0,3.82958671433811,0.906918188791469,1,1,54
1,4.06093635020738,0.980931845774923,0,0,54
0,0.187873477116227,0.903792759250868,1,1,54
0,1.66252505957129,1.03300996677521,1,1,54
0,2.73357790327611,0.909365539764296,0,0,54
0,0.154322574846447,2.31799832321944,1,1,55
0,2.74068730502369,2.31035944663125,0,0,55
0,3.75631574151998,2.31525182303785,0,0,55
0,2.44560366488042,2.30872145082002,1,1,55
0,0.0496960817874256,2.30733508130481,1,1,55
0,0.218870823271573,2.33845271488324,1,1,55
0,0.697697519714816,2.30733508130481,0,0,55
1,0.775253754109144,2.30733508130481,1,1,55
0,2.9069415888,2.32484611419703,1,1,55
0,0.424784259870648,2.3282254080621,1,1,55
0,0.784212104220428,2.330180915361,1,1,55
0,1.15367850998264,2.30733508130481,1,1,55
0,1.09401270095259,2.30733508130481,1,1,55
1,0.011688768863678,1.09701514100852,1,1,56
0,3.43299521489029,1.08326913416606,0,1,56
1,0.327174597419798,1.02443014003628,0,0,56
0,1.86618396445158,1.08963725315223,1,1,56
1,0.0536285046556771,1.12239929233793,1,1,56
0,1.32308923173696,1.02443014003628,1,1,56
0,0.256846152245998,1.02443014003628,1,1,56
0,2.75528677730801,1.06955817288741,0,0,56
0,0.0482767131179571,1.06365023323033,0,1,56
0,1.14782477729023,1.02443014003628,1,1,56
0,4.49638535429664,1.02443014003628,0,0,56
1,3.92704905180221,1.02443014003628,0,0,56
0,1.76085759504678,0.55742116315295,0,0,57
1,0.276335936039686,0.55636024570332,0,0,57
1,1.86103226794841,0.594558715674149,0,0,57
0,2.26159487097504,0.55636024570332,1,1,57
1,0.136368585305241,0.653821159711187,0,1,57
1,0.30087764727234,0.55636024570332,0,0,57
0,1.44616105026546,0.55636024570332,0,0,57
0,4.74730979785654,0.55636024570332,0,0,57
0,2.32334501660409,0.56019630376911,1,1,57
0,0.49581407838943,0.55636024570332,0,0,57
0,1.37444410286844,0.55636024570332,0,0,57
0,8.6339280048405,0.561909374195892,0,0,57
0,2.26034342861714,0.55636024570332,0,0,57
0,6.4499493386961,0.55636024570332,1,1,57
0,0.0937900108329158,0.55636024570332,0,0,57
0,0.180934218881409,0.556441990409874,0,1,57
0,0.549661756493151,0.79160606710535,0,1,58
0,9.50570533374205,0.725194627957255,1,1,58
0,0.855221261364909,0.785602850911124,1,1,58
0,2.51073211423101,0.725194627957255,1,1,58
0,0.592459147564408,0.725194627957255,0,0,58
0,0.429159933103339,0.731322716758267,0,0,58
0,0.510980625692298,0.725194627957255,1,1,58
0,0.430174018256366,0.725194627957255,0,1,58
0,2.20025665863397,0.732272521409055,0,0,58
0,0.151520140469074,0.725194627957255,0,0,58
0,0.95636286213994,0.725194627957255,1,1,58
1,0.188265080298489,0.845835083071539,1,1,58
0,0.0913248816505075,0.725194627957255,0,0,58
0,0.269283147528768,0.808200891408271,1,1,58
0,1.67819664432647,0.725194627957255,0,1,58
0,2.83014773475857,0.725194627957255,0,1,58
1,2.24334056294503,0.825503818637966,0,0,58
0,1.67848434695188,0.725194627957255,1,1,58
0,0.685242074850238,0.794166482270057,1,1,58
0,0.0154968229102635,0.47355744591754,0,1,59
0,5.14831173767276,0.532667131804731,0,0,59
0,5.78183425599275,0.47355744591754,0,0,59
1,0.932890608906746,0.524302739642671,0,0,59
0,1.82132020956817,0.477003198099432,1,1,59
1,1.33667056635022,0.47355744591754,1,1,59
0,0.521954692900181,0.506981014757691,1,1,59
0,0.116955667584197,0.47355744591754,1,1,59
0,1.45175565251289,0.47355744591754,1,1,59
1,3.40493756758218,0.520505451017442,0,1,59
0,0.0837532213324058,0.508367656554823,0,0,59
0,1.32967265509069,0.47355744591754,0,0,59
0,0.66776980326085,0.47355744591754,0,0,59
0,3.72197190655355,0.510648739578974,0,0,59
0,2.20313854320886,0.555595731224001,0,0,59
0,5.06681011772649,0.500667098230143,0,0,59
0,0.433760169893503,0.47355744591754,1,1,59
0,6.16241775419483,0.47355744591754,1,1,59
0,1.0013941321522,1.10441905183095,0,0,60
0,3.76911422966008,1.11784541181639,0,1,60
1,1.75089047565336,1.10441905183095,0,1,60
1,0.0940732453018427,1.12294717485947,0,0,60
0,4.3320252412246,1.10441905183095,1,1,60
1,1.52137433259193,1.10441905183095,1,1,60
0,0.506012573015455,1.10441905183095,1,1,60
0,1.13869900256395,1.10441905183095,0,0,60
0,1.1320225980305,1.10441905183095,0,0,60
0,1.17137870559344,1.10441905183095,1,1,60
1,0.963034817017615,0.757141898478888,0,0,61
0,2.30298284991624,0.757141898478888,0,0,61
1,0.159209141507745,0.757141898478888,0,0,61
0,0.227390376000652,0.757141898478888,0,0,61
1,0.598888845182955,0.780028923104358,0,0,61
1,1.26592986751348,0.757141898478888,0,0,61
1,0.267598542393284,0.789464920490401,0,0,61
1,1.88053934826496,0.757141898478888,0,0,61
1,5.67996800551455,0.779187727497475,0,0,61
0,0.191610481590033,0.757141898478888,0,0,61
0,1.77575452538323,0.757141898478888,0,0,61
1,5.79838943447838,0.757141898478888,1,1,61
1,0.48423730302602,2.96795840700162,1,1,62
0,2.73562909654322,2.92477432718014,1,1,62
0,0.693612460978329,2.9447242142163,0,0,62
0,0.734898256877797,2.99829470652591,0,0,62
0,2.13246824281757,2.92477432718014,0,1,62
0,0.712391539476812,2.92477432718014,0,0,62
1,0.311249077868954,2.92968716932093,0,1,62
0,0.835002877749503,2.92477432718014,0,1,62
0,3.10842533392792,2.93742898978096,1,1,62
0,3.83100301376648,2.92477432718014,0,0,62
0,5.72530810501347,2.96488072329204,0,0,62
0,0.925483714789152,0.423229222140306,0,1,63
0,0.411436662077904,0.466123928661387,1,1,63
1,1.03543147910386,0.430391136568477,0,0,63
0,1.39925000577871,0.423229222140306,1,1,63
0,0.159007407778198,0.423229222140306,0,0,63
0,3.82233270613437,0.462312729308068,0,1,63
0,0.953108088880755,0.423229222140306,0,1,63
0,1.78939040741863,0.423229222140306,0,1,63
0,1.98786359966552,0.423229222140306,1,1,63
0,1.82732929467204,0.423229222140306,1,1,63
1,1.070486927405,0.423229222140306,0,1,63
0,0.468424665741622,0.423229222140306,1,1,63
0,1.80681257579931,0.423229222140306,0,1,63
0,1.67027012300405,0.78227105850261,0,1,64
0,0.549621667712927,0.78227105850261,0,0,64
0,0.165960002690554,0.78227105850261,0,0,64
0,4.96949281890817,0.78227105850261,0,0,64
1,0.136823709370894,0.823247028549394,0,1,64
0,0.233303154818714,0.78227105850261,0,1,64
1,0.0496626516656867,0.852654886566868,1,1,64
0,1.46298763892593,0.784938490485522,1,1,64
1,1.7211098204458,0.78227105850261,0,0,64
0,4.97221929182239,1.06270815494959,0,1,65
0,0.158371227793396,1.07712422708463,0,0,65
1,1.33772823493928,1.13881335960482,0,1,65
0,1.02386805973947,1.05468372129975,0,0,65
1,0.124608592130244,1.05468372129975,0,1,65
1,0.0712351351976395,1.05468372129975,0,0,65
0,0.37031152241585,1.05468372129975,0,0,65
0,9.59441496970424,1.05468372129975,0,0,65
1,0.0148460994514959,1.0873278119555,0,0,65
0,0.615183557501166,0.303599512943631,1,1,66
1,1.72422794057968,0.356733638869095,0,1,66
1,2.44268040909412,0.373470764757688,0,0,66
1,3.59033559991007,0.303599512943631,0,0,66
1,0.143184492364526,0.332761938183259,0,0,66
0,1.13262874633074,0.308766926134172,1,1,66
0,3.28789779986667,0.303599512943631,0,0,66
0,0.980967399988638,0.303599512943631,0,0,66
0,4.01084376109724,0.653324778286469,0,1,67
0,3.11176568252926,0.587887446493538,1,1,67
0,10,0.619871691868504,1,1,67
1,0.590222630649805,0.617721507928494,0,0,67
0,1.93463933603653,0.563214176757887,1,1,67
0,5.07951867182679,0.56758698120981,1,1,67
1,1.43668700932505,0.59917781655735,0,0,67
0,2.88299923373346,0.618258358496404,0,0,67
1,0.531051662865327,0.563214176757887,1,1,67
0,0.461759652011096,0.578106992358117,0,0,67
1,0.869821065105498,0.606128026686592,0,0,67
1,0.837657825137643,0.584868955179355,1,1,67
0,1.09322706053252,1.1509500708556,0,1,68
0,2.19951116099002,1.20932065326406,1,1,68
1,3.98815776018386,1.15997551696853,0,1,68
0,0.749663922935724,1.23375546666131,1,1,68
0,4.63215783885043,1.1509500708556,1,1,68
0,0.774007298052311,1.20274389228573,1,1,68
1,0.0586120961233974,1.19454491661486,1,1,68
0,1.92809518790784,1.24412163210743,0,1,68
0,1.43847289605594,0.956669216277587,1,1,69
0,2.30396746649387,1.00073181730819,0,1,69
0,6.23926834728489,1.0148797375878,0,1,69
0,0.20264161777857,0.956669216277587,1,1,69
1,1.95602533910152,0.963914119705703,0,1,69
1,0.283358953893185,0.973316828718255,1,1,69
0,1.17966314963996,0.979247825233025,0,1,69
1,2.16743332511725,0.966543000381046,0,0,69
0,0.561564480041696,0.956669216277587,1,1,69
0,3.75569142384415,1.0097490357985,1,1,69
0,8.68983390700602,0.974495359884154,0,0,69
0,0.883533774875104,0.956669216277587,1,1,69
1,1.17450447566807,0.963968957687017,1,1,69
0,3.23190555704718,0.775647768626959,0,0,70
1,1.8823403007442,0.805630851002463,0,0,70
0,0.167637372389436,0.830756992489874,0,0,70
0,2.73892058982494,0.775647768626959,0,0,70
0,0.794994759373367,0.790128420602903,0,0,70
1,0.10299640659306,0.782431831417419,1,1,70
1,2.34411279289963,0.789533348335047,0,0,70
1,0.609514068812132,0.814472771456521,0,0,70
1,0.762660715140223,0.787892007134672,0,0,70
0,0.42051138728857,0.79531620968878,0,0,70
0,4.21339233566947,2.87472838807426,0,0,71
0,0.607974393293262,2.86982356153471,0,0,71
0,0.247038835480556,2.86982356153471,0,1,71
0,2.1614088154489,2.86982356153471,1,1,71
0,3.67633282666459,2.86982356153471,1,1,71
0,0.212722412310541,2.86982356153471,0,0,71
0,5.19299368703365,2.86982356153471,1,1,71
0,0.51017059853027,2.89214358772905,1,1,71
0,0.954571910352536,2.87644498176412,0,0,71
0,0.185581571422517,2.90090568233703,0,0,71
1,1.24811036325991,2.86982356153471,0,0,71
0,0.550480213716139,2.90637397552878,0,0,71
0,1.21252472582184,1.84831038592012,1,1,72
0,2.85751369578724,1.84831038592012,1,1,72
0,3.24376532024747,1.84831038592012,1,1,72
0,0.574742826633155,1.91516963814783,1,1,72
0,0.95542558748275,1.85930806061427,1,1,72
1,0.305070438538638,1.84831038592012,0,0,72
0,2.71812381214442,1.84831038592012,0,1,72
0,3.33129861189013,1.88342074746957,0,0,72
0,0.0103788252987437,1.86207561383734,1,1,72
0,1.38490653317422,1.906301262441,1,1,72
0,6.47818049754868,1.85879325221241,1,1,72
1,1.61073611109498,1.85096513104754,0,1,72
0,0.64868598151952,1.85318940791395,1,1,72
0,1.03094002697617,1.84831038592012,1,1,72
0,0.691107167862356,1.08453100212596,0,1,73
0,1.55431896776671,1.09868304033215,0,0,73
0,0.291320277377963,1.08453100212596,1,1,73
0,1.5188924166465,1.08453100212596,1,1,73
0,1.4693984141081,1.10148869683603,0,1,73
0,1.60576618268135,1.08453100212596,1,1,73
0,0.621790023520589,1.10672081770522,0,0,73
1,0.315795641392469,1.09628133447143,1,1,73
1,3.44233622757678,1.08453100212596,0,0,73
0,3.60780729709153,1.08453100212596,1,1,73
0,0.872850866458439,1.11750931037609,0,0,73
0,0.0260853562504053,0.730388325262539,1,1,74
0,5.98422544028954,0.723041433958089,1,1,74
0,1.58151122961776,0.716914723199148,0,1,74
0,4.5681240444345,0.716914723199148,0,0,74
0,0.764379654079676,0.780139307928082,0,1,74
0,0.924295560456812,0.768077611642907,1,1,74
0,0.149659918621182,0.774104054045918,1,1,74
0,3.71926968527918,0.759746720522089,0,0,74
1,1.17997170239687,0.755456110288932,0,0,74
1,2.02502799110901,0.716914723199148,0,0,74
0,0.752935686148703,0.716914723199148,1,1,74
0,1.1573914848268,0.71743077936621,0,0,74
0,0.876357721164823,0.749154676628933,0,1,74
0,5.61946827069298,0.716914723199148,0,1,74
0,0.390733237378299,0.542321999844525,0,1,75
1,0.668873189948499,0.541701269320401,1,1,75
0,0.27796106707016,0.541701269320401,1,1,75
1,1.19110676415178,0.551071143706716,0,1,75
0,1.46900778533689,0.620571534097442,0,1,75
0,3.49357626942878,0.611327413907496,0,1,75
0,4.56714014311261,0.541701269320401,0,1,75
0,0.88496524002403,0.620909556812178,0,0,75
0,0.964341321960092,0.541701269320401,0,1,75
0,0.98586443439126,0.55883997846407,1,1,75
0,2.09761280628362,6.73549953906046,1,1,76
0,0.768238476477563,6.78887569699899,1,1,76
0,0.917138824239373,6.77117070093183,1,1,76
0,3.10570677353029,6.73549953906046,1,1,76
0,2.37978754472836,6.73549953906046,1,1,76
0,0.190789062529802,6.74682380976249,0,1,76
1,4.20095247377582,0.484731131999675,0,1,77
0,2.73421876310351,0.457108040005441,1,1,77
0,0.0699928800879762,0.494188000312303,1,1,77
0,1.62786222985926,0.418635458253067,0,1,77
0,0.607102484442294,0.536767627582303,1,1,77
0,1.18985656369478,0.418635458253067,0,0,77
0,1.49563683297631,0.501621624395186,0,0,77
0,2.02514308249828,0.471387712871657,1,1,77
0,2.06527598076459,0.418635458253067,1,1,77
0,0.841191370155572,0.418635458253067,1,1,77
0,0.601857662200928,0.418635458253067,0,1,77
1,4.79454714407153,0.939546224618327,0,0,78
0,2.80668665110373,0.855635636372375,0,0,78
1,0.215579155832529,0.855635636372375,0,1,78
0,6.03147661697281,0.859942343499473,0,0,78
0,2.8244037312306,0.882098468138623,1,1,78
0,0.65189451523497,0.929423796023191,0,1,78
0,0.601635050959885,0.938059157182681,0,1,78
0,0.242415570653975,0.855635636372375,1,1,78
1,0.00805349682089824,0.855635636372375,0,0,78
1,1.45880865856054,0.855635636372375,0,0,78
0,0.15848380047828,0.855635636372375,0,0,78
1,1.09175333566964,0.888483013929654,0,1,78
0,2.15556466943564,0.855635636372375,1,1,78
0,2.8769323004592,0.955744961800679,0,0,78
0,1.01114751119167,0.826801665231854,0,0,79
0,3.87744961289649,0.826801665231854,0,0,79
0,0.0575781519187117,0.858445672184233,1,1,79
0,3.52002068420313,0.826801665231854,1,1,79
0,3.89036666212564,0.826801665231854,1,1,79
0,7.90099943759752,0.826801665231854,1,1,79
1,0.721319803968072,0.826801665231854,1,1,79
0,3.72475503368263,0.826801665231854,1,1,79
1,0.591880586929619,0.848714185946963,0,0,79
0,1.60044820784571,0.826801665231854,0,1,79
0,0.282164764473092,0.844860652504603,1,1,79
0,2.49026914863827,3.96415546463157,0,0,80
0,2.12784246382178,4.01829268580388,1,1,80
0,5.20904185225196,3.96415546463157,0,0,80
1,2.22363096280935,3.96415546463157,1,1,80
1,3.125930622052,3.97151100475304,0,0,80
0,1.14114699233323,3.96415546463157,1,1,80
1,0.0991990901529789,3.96415546463157,0,1,80
0,0.140045243315399,3.96415546463157,0,1,80
0,0.955733589828014,0.162714775999073,1,1,81
0,2.01158315866234,0.162714775999073,1,1,81
0,7.87421600106073,0.162714775999073,0,1,81
0,3.10285253806,0.179189268679347,1,1,81
0,1.09876465116625,0.162714775999073,0,1,81
0,2.08180270521882,0.163041173975836,1,1,81
0,0.276959745213389,0.162714775999073,1,1,81
1,3.0144839992929,0.162714775999073,0,1,81
1,0.324577075429261,0.22164339685762,0,1,81
0,1.00613766722381,0.162714775999073,0,1,81
0,0.293935693800449,1.70215747600269,1,1,82
0,1.41257349952104,1.69485385311003,1,1,82
0,1.66984764085137,1.69485385311003,1,1,82
0,2.11758797607365,1.71099124874986,0,0,82
0,4.59020374455222,1.75200910065055,0,0,82
0,0.512075275294371,1.70464629653391,1,1,82
0,1.14877002499998,1.69485385311003,1,1,82
0,1.05653215013444,1.76384463303773,0,1,82
0,1.37815988063812,1.78187687442159,0,1,82
0,4.03025382740383,1.74894541228187,0,0,82
0,1.15035053063184,0.574580868965783,0,0,83
0,2.96896086616402,0.469616994984598,0,0,83
0,2.41861818722429,0.469616994984598,1,1,83
1,0.757197358645499,0.469616994984598,0,0,83
0,0.87921644654125,0.567762518945333,0,0,83
0,2.9223544744957,0.469616994984598,0,1,83
0,1.34726153872907,0.522769606510923,0,0,83
0,0.64837834239006,0.469616994984598,1,1,83
1,0.661499680951238,0.469616994984598,0,0,83
1,0.0340339832499024,0.531555121154243,0,0,83
0,5.83645719256172,0.471576824825546,0,0,83
1,1.37511002458632,0.474814064462649,0,0,83
0,3.10292342660909,0.469616994984598,0,0,83
1,0.0415824377311205,0.469616994984598,0,0,83
1,3.25624696521049,0.469616994984598,0,1,83
0,1.4835775440274,0.478950545229692,0,0,84
0,2.2019271365458,0.480545244403199,0,0,84
0,6.38176532056103,0.550296889089308,1,1,84
0,4.37131525415879,0.511565309275109,0,0,84
0,0.873190577008565,0.5020755604123,0,0,84
1,0.42965042963624,0.471822649168618,0,0,84
0,0.538962065242231,0.476120682351178,1,1,84
0,0.499774290248752,0.511514667367702,1,1,84
0,1.54003142929616,0.479772542760545,0,1,84
0,0.813015200197697,0.67017104846245,0,0,85
0,0.745844770222902,0.663428050909572,1,1,85
0,0.294415182102804,0.740398562476032,1,1,85
1,0.234212812967598,0.707057102230756,0,0,85
0,4.29203215588756,0.663428050909572,0,0,85
0,0.530237925238907,0.663428050909572,1,1,85
1,1.7609270698482,0.663428050909572,1,1,85
0,0.12029438931495,0.75130023730766,0,0,85
1,1.89490724160316,0.853151557742155,0,1,86
0,0.494609157554805,0.853151557742155,0,1,86
0,2.61911166823449,0.894138049750113,0,0,86
0,2.52704289174619,0.853151557742155,1,1,86
0,0.75339390585793,0.915580257889023,0,0,86
0,0.583929995074868,0.853151557742155,1,1,86
0,1.01579852502721,0.855156850513246,0,0,86
0,3.67917401699309,0.853151557742155,0,1,86
0,0.614770103245974,0.853151557742155,0,1,86
1,0.974793982692063,0.941214609613909,0,0,86
0,1.89594947538319,0.746608053560278,1,1,87
0,1.06757863424718,0.769158854850856,1,1,87
0,0.320377404801548,0.746608053560278,0,1,87
0,3.11472891940096,0.746608053560278,1,1,87
1,2.44465184017065,0.746608053560278,0,1,87
0,1.28635706938803,0.746608053560278,1,1,87
0,3.0436908265758,0.770068327587229,0,1,87
1,0.0722054969731026,0.806837628490717,0,0,87
0,0.279042413458228,0.746608053560278,1,1,87
0,3.04907992837911,0.858048529182178,1,1,87
0,1.34845509659499,0.774028932427657,0,0,87
0,7.75360072734666,0.746608053560278,0,0,87
0,0.598611006513238,0.746608053560278,0,0,87
0,0.801198247252564,1.59375755842482,0,1,88
0,0.924373520538211,1.59375755842482,0,0,88
0,1.22154830303043,1.59883950187688,0,1,88
1,3.47640187848732,1.67567107898919,0,0,88
0,2.06714867233279,1.63518805859199,1,1,88
0,0.229743834041599,1.68906625261262,1,1,88
0,1.39111926740466,1.59375755842482,1,1,88
0,0.158267478583657,2.42017651296595,0,0,89
0,2.99329481629615,2.42017651296595,0,0,89
1,1.2384660243988,2.50431362913306,0,1,89
0,5.58725015785465,2.42017651296595,1,1,89
0,0.0484160995110869,2.43982657726362,0,0,89
1,0.545992232859135,2.43743468230155,0,1,89
1,0.819406001828611,2.45932129736121,0,0,89
0,0.955484611913562,2.42017651296595,0,0,89
0,0.483650152630126,2.42102584327661,0,0,89
0,0.654087081551552,2.42017651296595,1,1,89
0,1.79984451021764,2.50509090556027,1,1,89
1,1.38258360791951,2.42017651296595,0,1,89
0,7.0804997492106,0.491469487856693,0,0,90
0,1.21288099326193,0.491469487856693,0,0,90
1,0.745864551514387,0.491469487856693,0,1,90
0,4.73271220978071,0.491469487856693,1,1,90
0,2.67529805927517,0.505588641749311,0,0,90
1,2.38191997623982,0.611086324614613,0,0,90
0,1.12562831863761,0.491469487856693,0,0,90
1,1.34337405953556,0.564689494769745,0,0,90
0,1.30994696822017,0.491469487856693,0,0,90
0,2.17030203716993,0.491469487856693,0,0,90
1,1.29798777773976,0.491469487856693,0,0,90
0,1.46612507707063,0.491469487856693,0,0,90
1,1.56231192583,0.64901462322123,0,0,91
1,0.16326833050698,0.650242683158646,0,0,91
0,2.6771218086684,0.669010792490536,0,0,91
1,5.57543935305405,0.64901462322123,0,0,91
0,10,0.64901462322123,0,0,91
1,0.104505799893696,0.64901462322123,0,0,91
0,0.70636432202705,0.64901462322123,0,0,91
1,2.42380843489411,0.64901462322123,0,0,91
0,1.64153561918976,0.669423316912779,1,1,91
1,0.799278519116342,0.64901462322123,0,0,91
0,0.0924111222848296,0.64901462322123,0,0,91
0,0.955653765925667,0.64901462322123,1,1,91
1,0.984892996959388,4.17016291551497,0,1,92
1,0.294575217852526,4.17016291551497,0,1,92
0,0.144468278624117,4.17016291551497,0,0,92
0,0.465149779804051,4.17016291551497,0,0,92
0,1.79160633488538,4.22201247089468,0,0,92
0,1.79403493979283,4.17487829818156,1,1,92
0,1.86884914143922,4.17016291551497,0,0,92
1,0.813965756939107,4.17016291551497,0,0,92
0,6.00319023099219,4.17140437253705,0,0,92
0,1.43740792048008,4.19004073453738,0,0,92
0,1.20748393703252,4.21753060055736,0,0,92
1,0.224433466046136,4.17016291551497,0,0,92
0,0.248536134844303,4.22604145265428,1,1,92
0,0.458614797331393,4.17016291551497,0,0,92
0,0.292413524998381,0.23041096286579,0,0,93
0,0.773562860675156,0.23041096286579,1,1,93
0,2.51642623721602,0.239695213626943,1,1,93
0,0.519347965485054,0.23041096286579,0,0,93
0,0.723142208531499,0.23041096286579,1,1,93
1,0.342974008992314,0.241932135915644,0,0,93
0,1.3683775914833,0.23041096286579,1,1,93
0,0.457931964658201,0.23041096286579,0,0,93
0,2.12806768592038,0.263359779128528,0,0,93
1,2.04092654872287,0.25775366222588,0,0,93
0,0.521143033784602,0.23041096286579,1,1,93
1,1.74318197174909,0.272789936319445,0,0,93
0,3.46312070248609,0.239868674440054,0,0,93
0,1.18412988353521,0.241891263226295,1,1,93
0,1.12263790797442,0.290052052505889,0,0,93
1,4.48656417776771,0.568261380361399,0,1,94
1,1.86560648517587,0.558913599498224,1,1,94
0,3.16969652457123,0.558913599498224,0,0,94
0,0.321770401671529,0.558913599498224,1,1,94
0,0.121310641057789,0.558913599498224,1,1,94
1,0.244682423432018,0.924921264282081,0,0,95
1,0.222217728925938,0.911048576442939,0,0,95
0,2.17198196050009,0.908153317872215,0,0,95
0,0.259404220618308,0.950700056611871,0,0,95
0,1.37557036615908,0.908153317872215,0,0,95
1,0.442776405252516,0.99369429296412,0,0,95
1,0.973903567688643,0.946541455000291,0,0,95
0,0.290527189096749,0.908153317872215,0,0,95
1,3.53898694349413,0.908153317872215,0,0,95
0,1.13823182787746,0.908153317872215,0,0,95
1,2.72380506425145,1.00769629069204,0,0,95
0,2.07038816242459,0.908153317872215,0,0,95
0,10,0.932046238922061,0,0,95
1,0.93275140446719,0.933938391264382,0,0,95
0,1.87068974404576,0.424662776171869,0,1,96
0,2.19374795063379,0.421935318248282,0,1,96
0,2.2859526111607,0.517685993672743,1,1,96
0,1.21971637755632,0.465862564082966,1,1,96
1,0.359822682282847,0.421935318248282,1,1,96
0,4.64049811263509,0.456217101323441,1,1,96
0,0.213901808485389,13.4306924531758,0,1,97
0,1.01696219481528,13.3719133366005,1,1,97
0,6.03456732597122,13.3719133366005,1,1,97
0,2.67766211546006,13.4229142039182,0,1,97
0,1.364273076877,13.3911553592118,1,1,97
0,1.77623088090661,13.3719133366005,0,0,97
0,2.6378185263926,13.435814986755,1,1,97
0,3.38696651143913,13.3839086505215,1,1,97
0,3.34149444086437,13.524793048401,0,1,97
0,1.71693281448426,13.3719133366005,1,1,97
0,0.437481031753123,13.3719133366005,1,1,97
0,0.12316289357841,13.3719133366005,1,1,97
0,0.199462873215582,13.4160998733377,0,1,97
0,2.80902741832619,13.3795108104071,1,1,97
0,2.68839884727242,13.4091357784533,1,1,97
0,1.33770016301423,13.3719133366005,1,1,97
0,0.857483369298279,1.37071013048347,1,1,98
0,0.454940928146243,1.37071013048347,1,1,98
0,6.07349865104923,1.37071013048347,1,1,98
0,10,1.37071013048347,1,1,98
0,0.908651210360478,1.37071013048347,0,1,98
0,1.71844128697159,1.46465118912174,1,1,98
1,0.457314405590296,1.43834909778238,0,1,98
0,2.11115372402499,1.37071013048347,0,0,98
0,1.39806775554063,1.37071013048347,0,1,98
0,2.9519453307796,1.58995539997898,0,0,99
0,0.0710293849309408,1.585413942214,0,0,99
1,0.91844658087939,1.585413942214,0,0,99
0,6.47351156141529,1.64663889742748,0,0,99
1,0.102744468994649,1.585413942214,0,0,99
0,0.103468404151499,1.6665173186374,1,1,99
1,0.361621232703328,1.63480126892331,0,0,99
1,0.174411538048842,1.59136160198093,0,0,99
0,4.12037568522577,1.585413942214,0,0,99
1,1.07589438650757,1.61405409018211,0,0,99
0,0.511770491488278,0.284880134962424,1,1,100
0,1.30817192513496,0.284880134962424,0,0,100
1,0.520363644696772,0.284880134962424,0,0,100
0,0.449938773024504,0.353435735035963,1,1,100
1,2.26190634435954,0.295207039824271,0,0,100
0,1.41797766267302,0.361422517396635,0,0,100
0,0.229241661727428,0.381510984065765,0,1,100
0,2.64481764278355,0.869704975359968,1,1,101
0,0.30818880928041,0.798638900406772,0,1,101
0,1.1958739683032,0.83392323537936,1,1,101
0,1.43046054794433,0.783018899701879,1,1,101
1,2.66908378145638,0.835238989602196,0,1,101
0,0.628956058062613,0.81977080181528,0,0,101
0,3.73835630325561,0.783018899701879,1,1,101
0,0.303268052637577,0.783018899701879,1,1,101
1,0.0866547723712928,0.783018899701879,0,1,101
0,0.269952904433012,0.807849742503274,0,0,101
0,0.490176229737699,0.783018899701879,0,0,101
0,1.3150439588353,1.57067710485128,1,1,102
0,2.18698125067957,1.57067710485128,1,1,102
0,1.02025361079723,1.57067710485128,0,0,102
0,0.343549058772624,1.61945334830044,1,1,102
0,0.887996328063309,1.57067710485128,0,1,102
0,4.52145258181309,1.57067710485128,1,1,102
0,3.79983933625703,1.57067710485128,1,1,102
0,2.3472340273762,1.61166798215687,1,1,102
0,0.751577664373296,1.57067710485128,1,1,102
0,6.0494833425146,1.57067710485128,0,0,102
0,0.89483015332371,1.58719407132193,1,1,102
0,3.97478570027237,1.57067710485128,1,1,102
0,0.709891329947544,1.57067710485128,1,1,102
0,3.35048077983742,1.57067710485128,0,1,102
1,0.477043928578496,1.58636522618182,0,0,102
0,5.95147332074601,1.57438026558005,1,1,102
0,2.61214377758925,1.57067710485128,1,1,102
0,2.38597462504151,1.57067710485128,0,0,102
0,1.0728891743347,0.30765727641026,0,0,103
0,1.03406473528594,0.30765727641026,1,1,103
1,2.07790655580251,0.30765727641026,0,0,103
1,0.744208264002294,0.37101363086785,1,1,103
0,2.87635464576964,0.38512728027739,0,0,103
0,3.67735585926061,0.421860305584704,0,0,103
0,2.22761541410329,0.30765727641026,0,0,103
1,3.28307287378197,0.30765727641026,0,0,103
1,0.667942213825881,0.30765727641026,0,1,103
1,2.84916015528313,0.361337692469783,0,0,103
0,0.71188944671303,1.75700140920398,1,1,104
1,0.832846681587398,1.75700140920398,0,0,104
1,0.318892418869772,1.75700140920398,0,0,104
0,0.140178099573802,1.75700140920398,1,1,104
0,2.49208797780708,1.75700140920398,0,0,104
0,0.725181139074266,1.81982617577247,0,0,104
0,0.164161862805486,1.7704704178566,1,1,104
0,0.0743283158361876,1.820405026336,1,1,104
1,0.382660035043955,1.75700140920398,1,1,104
1,4.27969912786908,1.80813162973938,0,0,104
0,0.0474306981670631,1.76563995866302,0,0,104
0,0.0473123270934556,1.75700140920398,0,1,104
0,0.266544247659328,1.80217322853169,0,0,104
1,1.08159830793738,1.75700140920398,0,0,104
0,2.5546913537288,0.307532957028368,1,1,105
0,0.279946597203948,0.276790826872291,1,1,105
0,2.94542092813139,0.276790826872291,0,1,105
0,0.809757890179753,0.277377023176256,1,1,105
0,2.01557574412766,0.276790826872291,1,1,105
0,3.74580471754892,0.276790826872291,1,1,105
0,0.677759336307645,0.276790826872291,1,1,105
0,3.23292600719218,0.276790826872291,1,1,105
0,1.83036905146184,0.276790826872291,1,1,105
0,0.0343110525068581,0.286110736365284,0,1,105
0,3.2896962611187,0.305292787127972,0,1,105
0,3.33037761954551,0.276790826872291,0,1,105
0,2.77529333887582,0.276790826872291,1,1,105
0,4.56215931671124,0.551543759297222,1,1,106
0,2.15759080453756,0.477410967931982,0,1,106
1,0.236716518178582,0.534687729853216,0,1,106
0,3.06552028639202,0.468603577596688,1,1,106
0,0.0068029472604394,0.468603577596688,0,1,106
0,1.98399988925996,0.468603577596688,1,1,106
0,5.48961294789739,0.468603577596688,1,1,106
0,0.912087881937623,0.468603577596688,1,1,106
0,1.18090553209186,0.494471387806462,1,1,106
0,0.0634693736210465,0.468603577596688,1,1,106
1,0.0857392698377177,0.468603577596688,0,1,106
0,0.149825070783108,0.516347713249792,1,1,106
0,4.06952870620375,0.518311008946089,1,1,106
0,0.666812853276587,2.4945004933048,1,1,107
0,2.06693335241618,2.5430212510272,1,1,107
0,2.6833803783262,2.62559237128628,1,1,107
0,0.180739041417837,2.54441284380417,1,1,107
0,0.643574110232294,2.49020271550721,0,1,107
0,2.49040505654159,2.49020271550721,1,1,107
0,0.557325751520693,2.68146367866765,1,1,107
0,0.328416253440082,1.49862776846558,0,1,108
0,2.00385398409309,1.49966371914312,1,1,108
0,2.27894974305275,1.51060178575743,1,1,108
1,1.32368174381554,1.49862776846558,0,0,108
0,0.643628311343491,1.49862776846558,1,1,108
0,2.45345441988649,1.49862776846558,1,1,108
0,0.239492619744601,1.50114709588948,1,1,108
0,4.85419323642678,1.49862776846558,1,1,108
1,2.19494004725459,1.49862776846558,1,1,108
0,0.921801173128188,1.51353819603875,0,1,108
0,1.12047622352839,1.58316028181215,1,1,108
0,8.59069285491362,0.949279485944972,0,0,109
0,0.377989877015352,0.918726195857155,1,1,109
0,7.93578464868379,0.919810063113766,1,1,109
1,2.26743245116415,0.881902408250566,0,1,109
0,1.27016251254827,0.995250711966895,1,1,109
0,1.36729396041483,0.881803358648194,1,1,109
0,1.54435538872223,0.89041638930949,0,1,109
0,5.86861965026627,0.937696477795556,0,1,109
0,0.540149498730898,0.926205911198444,1,1,109
0,0.446919761774053,0.881873271248967,0,0,109
0,1.05296102259308,0.881803358648194,0,1,109
0,2.69878616361859,0.938956863683192,1,1,109
0,1.38612518087029,0.905278454004124,1,1,109
0,1.84375476661111,0.881803358648194,0,1,109
0,1.17373271472752,0.925326447503545,1,1,109
0,2.43423307778937,0.768474422375464,0,0,110
0,1.34761153906584,0.768474422375464,1,1,110
1,1.63823095328155,0.805184261604548,0,0,110
0,1.81068103594661,0.882258748940319,0,1,110
0,0.350637512281537,0.795042844350941,0,1,110
0,7.33618668809501,0.768474422375464,0,0,110
0,0.794218380004168,0.768474422375464,1,1,110
0,0.136079670861363,0.820242985555436,0,0,110
1,2.49036395168843,0.796673810419361,0,0,110
0,3.2827695867229,0.569707719070247,0,0,111
0,0.931073692446685,0.569707719070247,1,1,111
0,2.95126385970001,0.569707719070247,1,1,111
0,1.11369635723531,0.603164410560016,1,1,111
0,0.377987760642152,0.604401207809888,0,1,111
0,2.27385837576332,0.622707003017133,1,1,111
0,2.72436803012135,0.569707719070247,1,1,111
0,3.33953620168035,0.569707719070247,1,1,111
0,2.20976224719527,0.569707719070247,1,1,111
0,2.14341657089108,0.569707719070247,1,1,111
1,2.09855083181503,0.307958679925998,0,0,112
0,7.88530774000001,0.307958679925998,0,0,112
0,3.77773045731668,0.307958679925998,0,0,112
0,2.60164361066165,0.307958679925998,0,0,112
1,0.242768250405788,0.307958679925998,1,1,112
0,0.0312013030052185,0.307958679925998,0,0,112
0,0.895686539821327,0.339730866389226,0,0,112
1,3.09001128283664,0.308989628221599,1,1,112
1,3.28369385732298,0.307958679925998,0,0,112
1,0.649047899991274,0.379966510961963,0,0,112
1,1.04725185129791,0.326491903364634,1,1,112
0,2.52515825807097,0.307958679925998,0,0,112
0,3.30261429578563,3.05860870158661,1,1,113
0,0.514166476204991,3.05860870158661,0,1,113
0,3.0179888641644,3.05860870158661,0,1,113
1,4.08150632662659,3.05860870158661,0,1,113
0,0.673324575647712,3.07750121768584,0,1,113
0,2.44037312819603,3.12733475238254,0,1,113
0,0.846462003650335,3.16220620149518,0,1,113
0,0.31772618041723,3.05860870158661,1,1,113
0,2.51281327745857,3.05860870158661,1,1,113
0,5.87730947103272,3.05860870158661,0,1,113
0,4.35045193775439,3.05860870158661,0,1,113
0,0.382274600677192,3.13526039103954,1,1,113
0,6.21250320217154,3.14788047568121,1,1,113
1,1.80302712126615,3.06091292995642,0,1,113
0,0.769551714882255,1.94342388751201,1,1,114
1,1.07515790127218,1.92349559519538,0,0,114
0,3.75549224374487,1.89392064901384,0,0,114
0,0.276685383170843,1.91493167554249,1,1,114
0,2.43026725008133,1.90508498169969,0,0,114
0,1.83394424628095,1.90892178236359,0,0,114
1,2.83697733266239,1.89392064901384,1,1,114
1,5.34833380927272,1.89624195127612,0,0,114
0,3.41758111102467,1.979560592689,0,0,114
0,0.122842658311129,1.89392064901384,1,1,114
0,1.76555313906612,1.89392064901384,0,0,114
0,1.84910439505222,1.89392064901384,0,0,114
0,2.40493197730722,1.89392064901384,1,1,114
0,0.991022331640124,1.90510620645114,0,0,114
0,0.117166936397552,0.85381618449116,0,0,115
1,0.620936785824597,0.941656757880616,1,1,115
0,1.13547974452376,0.85381618449116,0,0,115
0,1.66492866756463,0.866463954093151,0,0,115
0,0.788370732218027,0.956725033884309,0,0,115
1,0.9023407259956,0.896417553773548,0,0,115
0,1.25227881968021,0.85381618449116,1,1,115
1,0.150677092373371,0.933485775099027,0,0,115
0,0.93802553229034,0.85381618449116,0,0,115
1,0.149037869647145,0.85381618449116,1,1,115
0,0.831087286584079,0.85381618449116,0,0,115
0,0.622145030145881,0.85381618449116,0,0,115
1,0.401722800917923,0.891672974785078,0,0,115
0,0.695625867607113,1.58051080132693,1,1,116
0,1.27220712695271,1.58051080132693,1,1,116
0,5.4756382142467,1.58051080132693,1,1,116
0,0.0905487034469843,1.65912963454844,0,1,116
0,0.890164765218461,1.68375131380552,1,1,116
0,1.18112115655094,1.63049051833319,0,1,116
0,0.452488876879215,0.865930657866456,1,1,117
0,5.31376642336078,0.830918603935191,1,1,117
1,0.955781293101609,0.830918603935191,1,1,117
1,0.783956265076995,0.886701296090371,0,0,117
0,1.53649088867434,0.842869370208332,0,1,117
0,0.783027114339677,0.830918603935191,0,1,117
0,0.0145772714167833,0.830918603935191,1,1,117
1,1.82386003127308,0.830918603935191,0,0,117
0,1.09014726243913,0.845275610634911,1,1,117
0,2.81784249465997,0.830918603935191,0,0,117
0,2.47507592095974,0.830918603935191,1,1,117
0,5.82401407881853,0.854643785148402,1,1,117
0,0.710662415251136,0.830918603935191,0,1,117
0,0.209487841198609,0.830918603935191,0,1,117
0,2.1421307324523,0.83160820213298,1,1,117
0,5.83240829374561,0.85670357224034,1,1,117
0,0.922369414940476,0.843993693073012,1,1,117
0,3.81028735620861,0.830918603935191,0,1,117
0,3.05018341748567,2.41347397191742,0,0,118
0,2.62134852997007,2.425002958647,1,1,118
0,1.57768914371003,2.41624900949792,0,1,118
0,0.504730859771371,2.44181449121262,0,0,118
0,3.11256150139456,2.5175681956945,0,0,118
1,0.997348543256521,2.41347397191742,1,1,118
0,10,2.41347397191742,1,1,118
0,1.07539376523346,2.41347397191742,1,1,118
0,5.11027366270251,2.41347397191742,0,0,118
0,0.570092312060297,2.46018798045708,0,0,118
0,1.03423133388674,2.41347397191742,1,1,118
1,0.618726192042232,2.44963550333462,0,0,118
0,0.379464046098292,2.41347397191742,0,0,118
0,1.45810315669297,2.49564764098561,1,1,118
0,1.34156245272607,2.41347397191742,0,1,118
0,2.10405139802935,0.459503433269217,0,0,119
0,2.45001358716729,0.461454094813301,0,1,119
0,1.23472671490163,0.440971260478838,0,0,119
0,3.90661050735002,0.491152285627769,0,0,119
0,1.43283341152665,0.401438781158804,0,0,119
0,2.0840365513319,0.427735729348533,0,1,119
0,0.834918009117246,0.442009052894746,1,1,119
0,2.06386850765886,0.404086798249735,1,1,119
0,2.52687555356863,0.434000534011757,1,1,119
1,2.63108316800537,0.401438781158804,0,0,119
0,1.19579911138862,0.444039903125181,1,1,119
0,0.437741565518081,0.4485064888268,1,1,119
0,0.444399840198457,0.411170298113542,1,1,119
0,0.332179139368236,0.401438781158804,1,1,119
0,3.38171229494696,0.401438781158804,0,0,119
0,1.01696443263865,0.45253284933265,1,1,119
1,1.27548744250089,0.401438781158804,1,1,119
1,0.992899696342647,1.63354940986422,1,1,120
0,0.0237776208668947,1.63354940986422,0,0,120
1,0.45158442016691,1.63354940986422,0,0,120
1,0.625793169252574,1.63354940986422,1,1,120
0,0.175720973871648,1.63354940986422,1,1,120
1,1.06583331525326,1.65016019991466,0,1,120
0,0.912510205060244,1.63354940986422,0,0,120
1,0.178196528760946,1.65438525186479,0,1,120
0,2.07859540908578,1.63354940986422,0,0,120
0,0.987209944586527,1.75156996223008,0,1,120
1,2.06649764805081,1.63354940986422,0,0,120
1,3.70608678443317,1.6417728255604,0,0,120
0,4.38983654090367,1.63354940986422,0,0,120
0,6.66380566324959,1.6686856101779,0,0,120
0,0.442693516823675,1.63354940986422,0,0,120
0,0.90276099410825,1.63832959859284,1,1,120
1,2.02077873801582,1.23945690335996,0,1,121
1,5.7989889381979,1.12609484585303,0,1,121
1,3.18218744560183,1.11985444142818,0,0,121
1,0.83257766161114,1.19631904824848,1,1,121
1,1.23186300508678,1.11238676247427,0,1,121
0,0.189880810448629,1.11279333169914,1,1,121
1,5.77117601003418,1.11238676247427,0,1,121
1,6.47980053689251,1.17779207970731,0,0,121
0,0.606099212542176,1.11238676247427,0,0,121
0,1.50163494787159,1.12173991296053,1,1,121
1,0.724198317155242,1.11238676247427,0,0,121
0,1.60223863637986,1.18062238585554,0,0,121
0,3.79849284497981,0.895237513261929,0,0,122
0,2.88827346621041,0.895237513261929,1,1,122
0,0.648961032740772,0.895237513261929,1,1,122
0,0.958239598042946,0.926207863664741,0,0,122
0,3.35429276136642,0.928063339718242,0,0,122
1,2.1893653584859,0.947978958096065,1,1,122
0,0.72085521556437,0.905466093768613,0,0,122
0,0.765023677609861,0.895237513261929,0,0,122
1,0.227877511642873,0.94651004009356,1,1,122
0,1.35587638802826,0.895237513261929,0,0,122
0,0.527745552361012,0.903392414509961,0,1,122
0,0.182530930265784,0.618825621867652,0,1,123
0,1.9424626547003,0.618825621867652,1,1,123
0,0.813542533665895,0.618825621867652,0,0,123
0,3.15899893997197,0.618825621867652,1,1,123
0,2.07908213462565,0.642270466006091,1,1,123
1,0.293951292522252,0.618825621867652,0,1,123
0,0.274330182466887,0.723231845204957,1,1,123
1,3.43678270263557,0.618825621867652,0,0,123
1,0.231426765210927,0.618825621867652,0,1,123
0,8.1117557394774,2.5121538947758,1,1,124
0,0.595243165269494,2.53054683214493,1,1,124
0,4.40534853537507,2.5121538947758,1,1,124
0,1.46608132860603,2.57329895714409,1,1,124
1,1.28831874672323,2.52209032281064,1,1,124
0,3.88471871942223,2.5121538947758,0,1,124
0,3.52437208166281,2.60216832133193,1,1,124
0,2.92434014735704,2.5121538947758,0,1,124
0,3.63777005655651,2.5121538947758,0,1,124
0,1.70751360160989,2.58180608338715,1,1,124
0,4.4200489688827,2.58840935478444,0,1,124
0,0.0938411802053452,2.56921463406585,0,1,124
0,2.57186348169091,2.5121538947758,0,1,124
0,1.01005798298866,2.5121538947758,0,0,124
0,2.42953170918654,0.214388488270287,0,0,125
0,2.57227594583275,0.150976095239546,0,0,125
1,3.40688901494963,0.216972216552118,1,1,125
1,1.5417837909514,0.138938529025751,0,1,125
1,0.316103301194306,0.125617841864187,0,1,125
0,0.587353167124093,0.151940823519487,1,1,125
0,0.159666121937335,0.155423990764113,0,0,125
0,1.34373160544783,0.125617841864187,0,1,125
1,1.38293566554785,0.25403898548156,0,1,125
0,4.49368698497243,0.125617841864187,1,1,125
0,9.1834121841341,0.125617841864187,0,0,125
0,0.348586456850171,0.125617841864187,1,1,125
0,0.0201280257635189,0.125617841864187,0,1,125
1,2.91781881807332,0.207044937643526,0,0,125
1,3.69236093370204,0.206649203437332,1,1,125
0,0.465696566302236,0.163270840509446,0,0,125
1,0.695463980548084,0.166680754939591,0,0,125
1,2.23672220102491,0.125617841864187,1,1,125
0,1.26618972886354,0.142178011705663,0,0,125
0,1.87388600214365,0.430940897273348,0,0,126
0,4.20028890261664,0.496435400678975,0,0,126
1,1.25143868941814,0.41750701158812,0,1,126
1,0.584780771620419,0.491268933111109,1,1,126
1,2.86392055807595,0.41750701158812,0,0,126
1,0.261712665162476,0.41750701158812,1,1,126
1,0.74985686223954,0.41750701158812,0,0,126
0,1.38163311872631,0.43646360929507,0,0,126
1,3.25305210878194,0.41750701158812,0,0,126
0,0.394352145757606,0.41750701158812,0,0,126
0,6.0171886096671,0.41750701158812,0,0,126
0,1.79656778640094,2.20773227322263,1,1,127
0,0.268338548019528,2.1656219411934,0,1,127
0,6.93352995398355,2.16218503730111,1,1,127
0,2.10882253191414,2.21433833459543,1,1,127
0,1.68875477547144,2.13925272507331,1,1,127
0,0.903236106038094,2.18995612938052,0,1,127
0,0.553090673871338,2.18906131838827,1,1,127
0,1.25278672203422,2.15275147652882,1,1,127
0,0.835752822458744,2.1873349750333,0,0,127
0,2.12080354235115,2.20581902448346,0,0,127
0,2.712534353053,2.13925272507331,1,1,127
1,0.134699340909719,2.17607781887896,1,1,127
0,0.824508535675704,0.824263490731918,1,1,128
1,1.08721776399761,0.73283176126024,0,0,128
0,0.150117979098245,0.74573315829411,0,0,128
0,0.710376721939529,0.780108851052111,0,0,128
1,2.69434441803935,0.767668835847896,0,0,128
1,1.2937935590744,0.724332508829396,0,0,128
0,0.829402716830373,0.757097093020349,0,1,128
0,5.14742172856755,0.724332508829396,0,1,128
1,0.989681872539222,0.813242598593248,0,0,128
0,2.54014434098246,0.724332508829396,0,0,128
0,0.557475963113047,0.779001501714816,1,1,128
0,2.36779900818112,0.743339179868093,0,0,128
1,3.19120428877592,0.742759488253214,0,0,128
0,0.194013544358313,0.724332508829396,1,1,128
0,1.72635305664482,0.252698866803965,0,0,129
0,0.872716238722205,0.251120904190758,1,1,129
1,1.15256571024656,0.294568149294587,1,1,129
0,1.87448287933114,0.251120904190758,0,1,129
0,2.38026397480609,0.251120904190758,1,1,129
0,0.0602104142308235,0.251120904190758,0,0,129
0,1.06790946347729,0.254342132411842,1,1,129
0,3.40656916780357,0.266712150560183,1,1,129
0,1.93126351184891,0.251120904190758,0,0,129
0,0.596442455425858,0.261467061102514,1,1,129
1,1.20867626927793,0.251120904190758,0,0,129
0,3.59362698564846,0.279229894463905,0,0,129
1,1.03720821347088,0.290319240596456,0,1,129
0,2.51287683836165,1.15645178128492,1,1,130
0,1.29989101365209,1.15645178128492,1,1,130
0,0.0940039107420226,1.2767891936914,0,0,130
1,3.01850477961783,1.18497716005513,0,1,130
1,2.45700314073803,1.15645178128492,1,1,130
0,2.09058825663271,1.15645178128492,0,1,130
1,6.94417209508729,1.23530483570215,0,0,130
0,1.54812627836111,1.17229725382688,1,1,130
1,0.161394570022821,1.15645178128492,1,1,130
0,0.810486996546388,1.24667033563234,0,1,130
0,0.687385885044932,1.17811943655445,0,1,130
0,0.67070137988776,0.538515077907315,1,1,131
0,6.55667991902599,0.561013318591734,1,1,131
0,0.931155831553042,0.543642317252692,1,1,131
1,0.982522079721093,0.528340838075173,0,0,131
0,1.68609371027889,0.515970904134171,0,0,131
0,2.32553527161041,0.559055972857188,0,0,131
0,0.347657824866474,0.515970904134171,0,0,131
1,0.0823889011517167,0.515970904134171,1,1,131
0,1.29142921045423,0.548483779693984,1,1,131
0,2.63705164185705,0.535626967139142,0,0,131
0,2.34321941836135,0.597805318525658,0,0,131
1,3.87510214729195,0.52346680188354,0,0,131
0,2.15559633829074,0.543571900522272,1,1,131
0,3.94256244210486,0.515970904134171,0,0,131
0,4.73553026069827,0.515970904134171,1,1,131
0,3.37573153136258,0.53701233734451,0,0,131
0,1.32575342431664,0.220319117681385,1,1,132
0,10,0.256684384072757,0,0,132
0,0.279083906593662,0.254052224474208,1,1,132
1,0.553455866873264,0.240968995562834,0,1,132
1,2.82649532688742,0.176931892053174,0,0,132
0,2.28540451816263,0.176931892053174,1,1,132
1,2.62603335260394,0.176931892053174,0,0,132
1,0.115838185749942,0.176931892053174,0,1,132
0,1.92384783915224,0.290407519243075,1,1,132
0,0.154827883401541,1.14397598733765,1,1,133
0,3.1491882240582,1.18589070299057,1,1,133
0,5.26759591300912,1.16183594811326,0,0,133
0,2.59497718132081,1.14397598733765,0,1,133
1,1.06761433649808,1.14397598733765,0,0,133
0,5.86531099643479,1.18509740989157,0,0,133
0,0.297385541313032,1.14397598733765,1,1,133
0,0.531366733834147,1.14397598733765,0,0,133
1,2.47534598029199,1.15559083856952,1,1,133
0,4.21725271113072,1.14397598733765,0,0,133
0,1.65617714346258,0.341318500538615,1,1,134
0,0.747095646336675,0.341318500538615,1,1,134
0,1.69657157725635,0.371726128517003,1,1,134
0,2.39266263126376,0.394684412709996,1,1,134
0,0.579599962569773,0.341318500538615,1,1,134
0,3.99533263577108,0.376221256339875,0,0,134
0,0.760257503017783,0.341318500538615,0,1,134
0,1.78463775842431,0.341318500538615,1,1,134
0,6.32505531108073,0.341318500538615,1,1,134
1,0.913813285529613,0.341318500538615,1,1,134
0,0.895756544720019,0.341318500538615,0,1,134
0,1.8347345908181,1.13926381241742,0,0,135
1,0.887114740908146,1.22175575633917,0,1,135
0,2.78235796449666,1.13456557294371,0,0,135
1,8.1961419987948,1.13456557294371,0,0,135
1,0.837407635524869,1.14739184634186,1,1,135
0,1.27867200877517,1.13456557294371,1,1,135
1,2.91345869641852,1.17472068673564,1,1,135
1,1.80023615612628,1.13456557294371,0,1,135
0,10,1.13456557294371,0,0,135
1,3.95903975872283,1.13456557294371,0,1,135
0,0.608837868086994,1.13456557294371,0,1,135
1,2.07599375202301,1.13456557294371,0,0,135
1,0.179489048455804,1.19562882736883,0,0,135
0,0.455517787486315,1.13456557294371,1,1,135
1,0.643980011343956,1.13456557294371,0,1,135
0,1.30764103028923,1.1556755933138,1,1,135
0,0.60488074272871,1.13456557294371,1,1,135
0,0.458930300548673,1.21163140282737,0,0,136
0,2.43445897652748,1.26151581703724,1,1,136
0,2.93470286188607,1.22130883451315,0,1,136
1,2.75136155440452,1.21163140282737,0,0,136
0,0.23899635163376,1.23166253459899,0,0,136
0,3.37880915759091,1.21163140282737,0,1,136
0,0.554935521446168,1.21305890450264,0,0,136
1,1.46410196638646,1.21163140282737,0,1,136
0,1.41606311491671,1.21163140282737,0,0,136
0,0.0711847767233849,1.21163140282737,1,1,136
1,3.2377938775528,1.21163140282737,0,0,136
1,1.14749463927001,1.21163140282737,0,0,136
0,0.310131500475109,1.21163140282737,0,1,136
1,0.146692387048264,1.26511898705029,1,1,136
0,0.932455562986434,1.25838888231487,1,1,136
0,5.65886822309265,1.21163140282737,0,0,136
0,0.700762011110783,1.21163140282737,0,1,136
0,1.3261864380911,0.711646953041237,0,1,137
0,3.95917525125628,0.711646953041237,0,0,137
0,1.12096929550171,0.760810036922384,0,0,137
0,1.5522127035469,0.82507829323112,1,1,137
0,2.32063717759194,0.711646953041237,0,0,137
0,2.25625172062757,0.711646953041237,1,1,137
0,1.8454009441487,0.813020824250283,1,1,137
0,0.211607085686688,3.36695269000259,0,0,138
0,0.512468373402953,3.30066812200743,1,1,138
0,1.15535885281861,3.30066812200743,1,1,138
0,0.35912274569273,3.30066812200743,1,1,138
0,0.230649224482477,3.31936437153726,0,0,138
0,0.297843893058598,3.30066812200743,1,1,138
0,0.196109866723418,3.35982113773621,1,1,138
0,0.656992267817259,3.30066812200743,0,0,138
0,0.782245563343167,3.30066812200743,0,0,138
0,1.38251087535173,4.03031993211176,1,1,139
0,1.74785769163611,3.9456842884229,1,1,139
0,0.350387741165562,3.9631371490201,0,1,139
0,0.350882597267628,3.9456842884229,0,1,139
0,0.393389824777842,3.9456842884229,0,0,139
0,0.509990230202675,3.9526019741245,0,1,139
0,0.0270640263333917,4.00227184082355,0,0,139
0,3.38885650766974,3.9456842884229,1,1,139
0,0.10738639999181,4.04342097724722,1,1,139
0,0.918344645760953,3.9456842884229,0,1,139
1,4.28746214915365,3.97684269136127,1,1,139
1,4.22364200998969,3.96142005224327,1,1,139
0,1.14698226097971,3.94819818211963,1,1,139
0,0.266345171691066,3.98537439920702,0,0,139
0,4.31031164317209,3.96738272891774,0,1,139
1,0.0644915401935577,3.96495749262013,0,0,139
0,1.90003251319691,3.96701858371261,0,1,139
0,0.472647516056895,3.99778818668291,0,0,139
0,2.09202285847607,4.0412659385521,1,1,139
1,0.265399935655296,0.453924278351646,0,0,140
0,5.75357256796131,0.453924278351646,0,0,140
1,0.36150867305696,0.474521688340672,0,0,140
1,3.33654142542836,0.453924278351646,0,1,140
1,8.38008729123589,0.453924278351646,0,0,140
1,0.484374554827809,0.499650553824152,0,0,140
1,0.667795397341251,0.511313483037465,0,0,140
1,2.23451533718946,0.453924278351646,0,0,140
0,0.626568124261816,0.73126466265745,1,1,141
0,0.427915991283953,0.73126466265745,1,1,141
0,6.26803155209789,0.73126466265745,1,1,141
0,2.42083231351318,0.809646767621219,0,1,141
0,0.0825744066387415,0.73126466265745,0,1,141
0,0.0233104266226292,0.73126466265745,1,1,141
0,0.0496969353407621,0.787922669519653,0,0,141
0,0.011909870132287,0.772855307708491,1,1,141
0,0.0102860016137705,0.73126466265745,1,1,141
0,5.28066695828862,0.73207864847632,1,1,141
0,2.34545180193129,0.73126466265745,1,1,141
1,0.347975575774245,0.740717822953359,0,1,141
0,1.18991453759372,0.75591829745353,0,0,141
0,1.80952195442262,0.776775224426463,0,0,141
0,1.1804365105927,2.09488306738416,0,0,142
0,4.34468230207391,2.14150979203865,0,0,142
0,0.831651141867042,2.08370482654618,1,1,142
0,0.381860055964077,2.08370482654618,0,0,142
0,0.311732243746519,2.08370482654618,0,0,142
0,4.00283947942739,2.11783479010116,0,0,142
0,1.53196890084984,2.08370482654618,1,1,142
1,0.53019428540178,2.08370482654618,0,1,142
0,0.204510163515806,2.11454067435556,0,0,142
0,4.34922037835713,2.17652847414689,1,1,142
0,6.4370810814891,2.08370482654618,0,0,142
1,3.13809289021378,2.08969673618873,0,1,142
0,2.60318286336007,2.10352997047295,0,0,142
0,1.78129544659498,2.08370482654618,0,0,142
1,0.986642512715686,1.18871113708069,0,0,143
0,0.147059045171129,1.18609635218125,0,0,143
1,2.91056108457928,1.21766374181318,0,1,143
0,0.21228025986136,1.18609635218125,0,0,143
0,5.77239714843109,1.18989962306982,1,1,143
0,5.30495484520621,1.20788000214335,0,0,143
1,1.37801094166934,1.18609635218125,0,0,143
0,1.26508864294738,1.18609635218125,1,1,143
1,1.57877180903199,1.18609635218125,1,1,143
1,0.424598961137235,1.20173637161107,0,0,143
0,1.99224562881536,1.18609635218125,0,0,143
0,4.04440363479738,1.21811771393476,1,1,143
1,5.27611485470958,1.19429073733874,0,0,143
0,0.0445501497015357,1.18609635218125,0,1,143
1,0.173871707171202,1.21468381427986,0,1,143
0,0.300605150870979,1.2015002782358,0,1,143
1,1.42398466720226,1.98676074333019,1,1,144
1,1.00253848452121,2.08157308312979,0,1,144
0,1.06212374395248,2.05026735547956,0,1,144
0,0.413443993968774,2.01249995815915,1,1,144
0,7.68571017268014,1.98676074333019,1,1,144
0,1.48920664369109,1.98676074333019,0,1,144
0,7.10100848558259,1.98676074333019,1,1,144
0,3.10469410300451,1.98676074333019,0,0,144
0,1.99959903760793,2.02857880851714,0,1,144
0,6.00478059019814,2.01062734467349,1,1,144
0,0.538975275121629,1.98676074333019,0,1,144
0,6.31535318460236,2.00688951796713,0,0,144
0,1.31882108002901,2.00611527051564,1,1,144
0,9.07428107360258,1.98676074333019,0,0,144
0,4.47945951272674,2.01974716479872,1,1,144
0,5.6804177702771,1.98676074333019,1,1,144
0,0.767925363154571,1.98676074333019,0,1,144
0,3.32265832244542,1.98676074333019,0,0,144
0,6.82814975049267,2.04519226704784,1,1,144
0,0.919498694837888,1.98676074333019,1,1,144
0,3.23971655137594,1.98676074333019,1,1,144
0,0.0387391324789171,1.98676074333019,0,1,144
0,0.15797256940608,1.98676074333019,1,1,144
1,1.04056178499013,1.98676074333019,1,1,144
1,0.240986089222133,0.888152365325276,0,0,145
0,3.24073806015735,0.906883089293408,1,1,145
0,0.377814409323037,0.888152365325276,1,1,145
0,1.13102599885315,0.929244343009894,0,0,145
0,1.13446358963847,0.933618648656322,0,0,145
0,10,0.888152365325276,0,0,145
1,3.69972236065154,0.953240074172568,0,0,145
0,3.13542362013543,0.9018537525228,1,1,145
0,4.54902744640536,0.888152365325276,0,0,145
0,0.140995296649635,0.596824194891821,1,1,146
0,1.03301493185359,0.596824194891821,0,0,146
0,3.20434791444486,0.692511641638711,1,1,146
1,4.99901515592761,0.648126523022685,0,0,146
0,0.120575658045709,0.596824194891821,0,0,146
1,4.77799337704606,0.617414406236955,0,0,146
0,1.27747776684615,0.697515835558344,1,1,146
0,0.499657570384443,0.596824194891821,1,1,146
1,3.58755527771332,0.657443344008498,1,1,146
0,6.47496009197578,0.6918136193687,0,0,146
0,0.201060986146331,0.596824194891821,0,0,146
0,1.80590816951337,0.633036103418816,0,0,146
0,1.84851897872033,0.596824194891821,0,1,146
0,1.58022600776496,0.681599916690235,0,1,146
0,6.17221753265629,2.54453906776405,0,0,147
1,0.1733848128689,2.54453906776405,1,1,147
0,0.112125997431576,2.58859788873699,0,0,147
0,5.56079454686413,2.54453906776405,1,1,147
0,0.986696709007262,2.54453906776405,1,1,147
1,6.31119134988556,2.54453906776405,1,1,147
0,0.361782411329358,2.55763378778166,0,0,147
1,0.47270267829299,2.54453906776405,1,1,147
0,1.33068611100316,2.62250968889152,0,0,147
0,6.68994559435325,2.57213591797945,1,1,147
1,3.42084814591293,2.5776574181755,1,1,147
0,1.60261665973781,2.54453906776405,0,0,147
0,3.68959706259851,2.54453906776405,0,0,147
0,1.03325641714036,0.822966994304163,1,1,148
0,3.57303491590505,0.848648182836379,1,1,148
0,0.129383808933198,0.839123782907404,1,1,148
1,0.64015150256455,0.809862423245065,0,1,148
0,0.366314264014363,0.829919073540348,0,1,148
1,4.7231985475243,0.830971065098699,0,1,148
0,0.672899731434882,0.809862423245065,1,1,148
0,1.86574816695395,0.842112254463546,0,0,148
0,4.52461897184081,0.824621836230793,0,1,148
0,1.67261683932486,0.87493401071955,1,1,148
1,2.23677375718,0.82757062410124,0,1,148
0,1.60369554339888,0.924328711906389,1,1,148
0,0.47682988550514,0.809862423245065,1,1,148
0,4.81217544128127,0.844265002638598,1,1,148
1,2.16850385024917,0.929495975995601,1,1,148
1,0.19438727458604,0.70835266668631,0,0,149
0,2.51402942827883,0.695312622734215,1,1,149
0,0.88559530582279,0.784999263418341,1,1,149
0,6.10421517457733,0.695312622734215,1,1,149
1,0.871606591157615,0.742812537082506,0,0,149
0,1.77600164330544,0.695312622734215,0,0,149
1,1.34700294863433,0.695312622734215,0,0,149
0,2.26728649056497,0.695312622734215,0,0,149
0,4.08286827785854,0.732647151578653,0,0,149
1,4.01217343641405,0.798890675060139,0,0,149
0,0.197715289167854,0.737630256572979,0,0,149
0,0.298317550681531,0.720498216074298,0,0,149
0,10,0.723771115048435,0,0,149
0,2.32112064949217,0.695312622734215,0,0,149
0,0.863316603004932,0.778680249108308,0,1,149
1,1.42452114439549,0.74769780878713,0,0,149
0,1.61719390182736,0.695312622734215,0,0,149
1,0.545540853193659,0.394925517907493,0,0,150
0,0.843238505534828,0.394925517907493,0,0,150
1,3.17378877459054,0.394925517907493,0,0,150
0,1.40555635590768,0.472411485252097,0,1,150
0,3.03357911838179,0.421174481685476,0,0,150
1,2.70606778926196,0.394925517907493,0,0,150
0,0.902459745295346,0.468055924936503,1,1,150
0,2.00070955968442,0.394925517907493,0,0,150
0,0.556647528894246,0.394925517907493,0,0,150
0,0.286329438909888,0.394925517907493,1,1,150
0,0.251800027675927,0.394925517907493,1,1,150
0,0.0130566395819187,0.394925517907493,0,0,150
1,0.820927261374891,0.442072944572814,0,0,150
1,0.0596968280151486,1.02800068166792,0,0,151
1,1.58715028493645,1.03850893379479,0,0,151
0,0.519074966199696,1.02282633324329,0,0,151
1,1.15723376348615,1.06566424492445,0,0,151
1,0.622815878426902,1.02282633324329,0,0,151
1,1.37515573017299,1.02282633324329,0,0,151
1,0.101695640012622,1.07262189395451,0,0,151
1,2.53899042827807,1.05585324192313,0,0,151
0,2.54392981520834,1.02332033407469,1,1,151
0,0.169414270972849,0.497515945714664,0,0,152
0,1.56385876975002,0.475409382451488,0,0,152
0,0.826847155044383,0.526277379375054,0,0,152
1,0.0745926649789462,0.451696184876,0,0,152
1,0.318130123429,0.451589014661898,0,0,152
1,0.0825424185022712,0.474255245798008,1,1,152
0,4.85470088173575,0.446711779692161,0,0,152
0,1.10252803750336,0.446711779692161,1,1,152
1,1.81224655184098,0.446711779692161,0,0,152
0,1.63021790414097,0.446711779692161,0,0,152
0,4.24835660655923,0.568345130264882,1,1,153
0,1.34664161782712,0.568345130264882,1,1,153
0,2.17963369711842,0.591485561602811,1,1,153
0,0.772120481356978,0.598231741872169,1,1,153
0,4.15479199571495,0.568345130264882,1,1,153
1,3.15136138332968,0.63576436502181,0,1,153
0,2.18086535661461,0.568345130264882,0,1,153
0,3.32045661641245,0.568345130264882,0,1,153
0,1.02380042802542,0.626669433835592,0,0,153
0,1.01003201585263,0.568345130264882,0,1,153
0,3.42752246327802,0.629639082994125,0,1,153
0,2.16831253088059,0.568345130264882,1,1,153
0,2.83746809495573,0.637459915226283,1,1,153
1,2.76659413418713,0.971531372189259,0,0,154
0,1.33751887548715,0.945804512877657,0,1,154
1,4.2587213224153,0.905506677053504,0,0,154
1,7.06500304820848,0.91068948390059,1,1,154
1,1.91483833632412,0.905506677053504,0,0,154
0,0.872520885430276,0.905506677053504,0,1,154
0,3.92695373652463,1.03467353083107,1,1,154
0,0.152510515414178,0.907195349265596,0,1,154
1,1.86755717909875,0.999262334805336,0,0,154
0,3.14767657576089,0.924044799231865,0,1,154
0,1.8224521735913,0.905506677053504,0,0,154
0,1.07004889752716,0.905506677053504,1,1,154
0,2.5526376030499,0.955047653843693,1,1,154
0,0.668585143983364,4.31219747326628,1,1,155
1,0.293675436638296,4.34094178979704,0,0,155
0,4.16319574763007,4.30748169799245,1,1,155
1,6.00590871240864,4.3197903288462,0,0,155
0,0.796058270148933,4.28149383385991,1,1,155
0,5.46470497150846,4.28149383385991,1,1,155
0,1.06699292361736,4.3148953001523,0,1,155
0,1.05691995937377,2.07571382215614,0,0,156
0,5.14484281440206,2.14451565768783,0,0,156
0,0.388885721143274,2.0740394994026,0,1,156
0,1.15210730303079,2.0740394994026,1,1,156
0,1.37502399273217,2.0740394994026,1,1,156
0,0.105512992478907,2.08381943468192,1,1,156
1,5.62723761763344,2.0740394994026,0,0,156
0,1.54476801111343,2.0740394994026,0,0,156
0,0.869959337636828,2.1255803806808,0,1,156
0,2.90805355810131,2.11210010763773,1,1,156
0,4.31262193967528,2.08294786415848,0,1,156
0,3.17196437706695,2.0740394994026,0,1,156
0,0.125613460317254,2.10497948945168,1,1,156
0,1.40143839831684,2.0740394994026,0,0,156
0,2.72629292673411,2.0740394994026,1,1,156
1,0.920602570549331,1.41160451617271,0,0,157
0,1.87271429962459,1.41160451617271,0,0,157
0,2.18776432230117,1.46424662260914,1,1,157
1,2.50851266822758,1.41160451617271,0,0,157
0,8.19069148185563,1.41160451617271,0,0,157
0,3.43270836008673,1.41160451617271,0,0,157
1,0.0692954286317357,1.44182109075719,1,1,157
0,0.00111668463796377,1.4553100354348,1,1,157
0,0.21894247397838,1.41160451617271,0,0,157
1,4.91842963893838,1.41160451617271,1,1,157
0,4.64135543604322,1.42448498456336,0,0,157
1,0.80167144164443,1.44375607723569,0,0,157
0,8.07817320111108,1.49402322422488,0,0,157
0,1.2244248688221,1.41290235908812,1,1,157
0,2.74371954790297,1.46409336883188,0,1,157
0,2.56232974483612,1.41160451617271,1,1,157
0,1.7232258337641,0.554656423297618,1,1,158
1,0.0320760793983936,0.54483054503783,0,0,158
0,0.291954255662858,0.613686558522083,0,0,158
1,1.1423098994419,0.54483054503783,0,0,158
0,1.07780219987035,0.577759875519804,0,0,158
1,0.530434563836927,0.54483054503783,0,0,158
0,0.762963971123099,0.610504749254401,1,1,158
1,2.07947450495305,0.54483054503783,0,0,158
0,0.287275358103216,0.54483054503783,0,0,158
1,2.34984989642146,0.598411032812378,1,1,158
0,1.82485482833328,0.54483054503783,0,0,158
0,1.21772458683699,0.555120626036086,0,1,158
0,1.68103536716131,1.01860268407963,0,0,159
0,2.31652160911801,1.05754232067521,0,0,159
0,0.911267395293075,1.03369432607684,0,0,159
0,1.15957491938025,1.03679047178902,0,0,159
0,0.738028542138636,1.0535404918663,1,1,159
0,0.322995364666573,1.01985190231901,0,0,159
1,0.724669907150583,1.0269491741217,1,1,159
1,0.742644067921854,1.03203412137869,0,0,159
0,1.32849456742406,1.03794664510072,0,0,159
0,1.34641864430159,0.921088725145992,0,0,160
1,4.17668112498478,0.921088725145992,0,0,160
1,0.503496567718685,0.921088725145992,0,0,160
1,1.37853675987571,1.01142286277076,1,1,160
0,1.07819785424798,0.921088725145992,1,1,160
1,3.99092481641059,0.921088725145992,1,1,160
0,4.9730027799768,0.921088725145992,0,0,160
0,3.39478346688633,0.921088725145992,1,1,160
1,0.998827522620559,0.921088725145992,0,0,160
0,0.951094448566437,0.921088725145992,1,1,160
1,2.5106818190867,0.921088725145992,0,0,160
0,0.549337428994477,0.921088725145992,0,0,160
1,1.73624308771434,0.137848371166919,0,0,161
0,1.46880459590795,0.184408308764596,0,0,161
1,2.93820394931321,0.137848371166919,1,1,161
0,0.284732569009066,0.164221356849839,1,1,161
1,0.0847615026856727,0.137848371166919,0,0,161
0,0.0968359154304423,0.15807398645031,0,0,161
0,5.25302264441676,0.137848371166919,0,1,161
0,0.27723441645503,0.137848371166919,0,1,161
0,1.48177953463113,0.204990665485044,0,1,162
0,2.80346395179865,0.204990665485044,0,1,162
0,2.07770677651448,0.204990665485044,0,1,162
0,1.47565407841169,0.204990665485044,0,0,162
0,5.5246508081717,0.205196382524579,1,1,162
0,3.49437547458296,0.267345491673164,0,0,162
0,4.01622951386457,0.204990665485044,1,1,162
1,0.028978579484097,0.244711139811605,0,0,162
0,0.382212072610855,0.204990665485044,1,1,162
1,3.43063405581182,0.204990665485044,0,0,162
0,2.91460162756925,0.272006241597021,0,1,162
1,1.32585905771703,0.204990665485044,1,1,162
1,1.02212669700384,0.242899385963944,0,0,162
1,2.01016019462588,0.204990665485044,0,0,162
0,0.0254593854770064,1.37764827708112,0,0,163
0,0.6464579757303,1.37764827708112,1,1,163
0,4.75973013390727,1.41536382230885,0,0,163
0,3.44964783621912,1.44349417064373,1,1,163
0,6.77442209388981,1.37764827708112,0,0,163
0,7.5577085032496,1.37764827708112,0,0,163
0,2.86790212530944,1.37764827708112,0,0,163
1,0.191394188441336,1.40423803341524,0,0,163
0,1.21739232540131,1.38840862964312,1,1,163
1,1.7357481869113,1.37764827708112,1,1,163
0,0.198327691294253,0.593650070691288,0,1,164
0,1.06176090613008,0.612683460087964,0,0,164
0,0.354934348755555,0.660752401983316,1,1,164
0,1.72578110966596,0.620565685367666,1,1,164
1,0.980627996847034,0.593650070691288,1,1,164
0,0.546672202646732,0.593650070691288,1,1,164
0,0.562267284840345,0.593650070691288,1,1,164
0,1.03620110359043,0.593650070691288,0,0,164
0,0.59038478514183,0.593650070691288,0,1,164
0,1.89840718164089,0.610705354457796,0,0,164
0,3.01163969917183,0.649534736367668,1,1,164
0,1.26338068116456,0.736833464636132,0,1,164
0,0.339030203409493,0.593650070691288,0,1,164
0,1.16473153233528,0.593650070691288,1,1,164
1,5.40332278211541,1.65975516934494,0,1,165
1,0.724330101705545,1.65975516934494,0,0,165
1,0.762222393606599,1.65975516934494,0,0,165
0,2.25137463389876,1.712742228361,0,0,165
1,1.54668583526256,1.6903734398589,0,0,165
1,1.36360866948962,1.70019463909261,1,1,165
1,4.65634440977998,1.65975516934494,0,0,165
1,3.36313072575216,1.65975516934494,0,0,165
0,1.45621921299937,1.65975516934494,0,0,165
0,0.206557921133935,1.65975516934494,0,0,165
0,3.59406204525019,1.66559660692055,0,0,165
1,1.11678384058177,1.65975516934494,0,0,165
0,3.39405278844719,2.58079486385685,1,1,166
0,0.475228864699602,2.58079486385685,1,1,166
0,2.09099427788498,2.58079486385685,0,1,166
0,2.01573072365465,2.58079486385685,1,1,166
0,4.34833846588559,2.58079486385685,1,1,166
0,3.79501181134365,2.69277572640247,1,1,166
0,3.54508599994664,2.58079486385685,1,1,166
0,2.60588119543138,2.58079486385685,1,1,166
0,1.50730827628615,2.58079486385685,1,1,166
0,0.0254427390173078,2.58079486385685,0,1,166
0,2.8876758700419,2.58079486385685,1,1,166
0,1.39592048449809,2.6243855934407,1,1,166
0,0.417975194752216,2.6294394854773,1,1,166
0,2.63104849672856,2.65942039399175,0,0,166
0,0.0862503870656036,2.58079486385685,1,1,166
0,0.157398429045974,2.58585205453654,1,1,166
0,0.39195382211252,1.13792819712799,1,1,167
0,1.55257371245863,1.24237122497853,1,1,167
0,1.80364521211925,1.15343984412058,1,1,167
0,0.0915428884327412,1.17219707193784,1,1,167
0,0.06087493413203,1.13792819712799,0,1,167
0,2.20979232332649,1.13792819712799,1,1,167
0,0.348351058550179,1.14281892926687,1,1,167
1,7.79153926256013,1.21901508982418,0,0,167
0,2.04241400203648,1.13792819712799,0,0,167
0,0.153019908815622,1.13792819712799,1,1,167
1,1.62609124009581,0.244408914004728,0,0,168
0,4.40275729049869,0.27936075780569,0,0,168
0,0.807303265668452,0.323196864553711,0,0,168
0,0.763917385600507,0.277322102437346,0,0,168
1,0.682759490010712,0.297889966813686,0,0,168
0,2.97966809553986,0.218944974874477,0,0,168
1,1.67623970649185,0.236890782124371,0,0,168
1,0.272527710534632,0.218944974874477,0,0,168
0,1.35487062577158,0.242361041511333,0,0,168
0,0.833463244101668,0.270732493878474,0,1,168
0,1.35584770794958,0.218944974874477,0,0,168
0,0.286428178533837,0.218944974874477,1,1,168
0,0.160291469655931,0.23438411937404,1,1,168
0,0.253113970606759,0.28992629570717,1,1,168
0,0.280378046445549,0.937813124957019,0,0,169
0,2.23178169309142,0.937813124957019,0,0,169
1,0.712057758122683,0.943648578351509,0,0,169
0,0.016267838903214,0.937813124957019,1,1,169
1,0.922832725569606,0.937813124957019,0,0,169
0,1.01970920432359,0.976498500825795,0,0,169
0,0.934902651235461,1.03461691487517,0,0,169
1,0.633497699163854,1.05662470644315,0,0,169
0,3.52291860414629,0.937813124957019,0,1,169
0,2.34029845139923,0.937813124957019,0,1,169
0,1.39175696185661,0.849363524716145,1,1,170
0,5.45281386722751,0.830872923876278,1,1,170
0,7.94030128004861,0.821857464607174,1,1,170
0,3.81261039880996,0.840161289707383,1,1,170
0,0.549691638936812,0.821857464607174,1,1,170
0,1.36918180249631,0.89672655798037,0,1,170
0,0.509225515897087,0.821857464607174,1,1,170
0,0.536120780743659,0.882417887068895,1,1,171
0,1.17575567774475,0.882417887068895,1,1,171
1,3.80870556814556,0.882417887068895,1,1,171
0,5.27812043924756,0.882417887068895,1,1,171
0,0.168668887577951,0.882417887068895,0,1,171
0,5.55560071732769,0.932871024045452,0,1,171
0,6.5806222107626,0.974092999853232,1,1,171
1,0.646426319144666,0.882417887068895,0,0,171
0,0.0521240203914747,0.882417887068895,1,1,171
0,2.19493665004692,0.915872108166228,0,0,171
0,8.64694837589837,0.882417887068895,0,0,171
0,0.227070772843102,0.882417887068895,1,1,171
0,1.254523454234,0.93717021387322,0,1,171
0,2.48233758836033,0.938661204774356,1,1,171
0,5.76093858446846,2.06169012909797,0,0,172
0,4.38794176627822,2.06169012909797,0,0,172
0,0.183179939165711,2.06169012909797,0,0,172
1,1.30302940774709,2.08739833340469,0,1,172
0,0.205800174735487,2.06169012909797,0,0,172
1,1.21421833984103,2.06169012909797,1,1,172
1,3.30077710027797,2.06169012909797,0,0,172
1,1.2805643863976,2.12111479538598,0,0,172
1,0.30647796113044,2.06169012909797,0,0,172
1,2.72544085039737,2.06169012909797,0,0,172
1,0.145570560705469,2.06458360478663,1,1,172
0,1.42889140351656,2.06318609179838,0,0,172
1,0.453122519259436,0.703319045841207,0,0,173
1,0.693091599577312,0.718912612129533,0,0,173
1,0.205870199948549,0.749702520504834,1,1,173
1,0.536702995702164,0.703319045841207,0,0,173
0,0.567891932023185,0.703319045841207,0,0,173
0,1.28253895416856,0.736671388140407,0,0,173
0,1.57797706863823,0.703319045841207,0,0,173
1,0.949911803606611,0.703319045841207,0,0,173
1,1.17736790794879,0.746324219374005,0,0,173
1,0.443925746716559,0.714805112575866,1,1,173
1,3.59328900260811,0.718316367430591,0,0,173
0,0.929364474490285,0.703319045841207,0,0,173
1,1.40383183842447,0.568136599149347,1,1,174
0,2.59101924105527,0.582695169816138,0,0,174
0,1.76408512136879,0.547584984944471,1,1,174
0,2.89201458248546,0.648988989357073,1,1,174
0,1.43015757380965,0.547584984944471,1,1,174
0,0.823626087978482,0.551562455893022,0,1,174
0,1.01808175072074,0.547584984944471,1,1,174
0,1.19698647037148,0.578511654845422,0,1,174
0,0.9181302273646,0.547584984944471,0,0,174
0,2.32175072148182,0.547584984944471,1,1,174
1,0.521357436664402,0.617710196760128,0,0,174
1,6.2928497875195,0.70382735933144,0,1,175
1,0.914650931023061,0.756361518237833,0,0,175
1,4.76211073596902,0.701331129107749,0,1,175
0,1.72629803710917,0.711157049327719,1,1,175
0,0.62446654313818,0.700066547000855,0,1,175
0,4.07390320656781,0.713370973001225,0,0,175
1,0.970497097820044,0.700066547000855,0,0,175
1,0.298735037978596,0.725304554472277,1,1,175
0,0.337222827598453,0.700066547000855,1,1,175
0,1.75398733397688,0.739453134688617,0,0,175
1,0.597843068651855,0.700066547000855,0,1,175
1,3.93265723420267,0.70888099655105,0,1,175
0,0.766499391518901,0.700066547000855,0,1,175
0,1.80097058907901,9.37023958955628,1,1,176
0,6.56053350832233,9.4278325936134,1,1,176
0,2.96076831803868,9.35259805334081,1,1,176
0,6.04455344345341,9.35259805334081,1,1,176
0,2.97304479015951,9.35259805334081,1,1,176
0,0.42529532620589,9.35259805334081,0,1,176
0,2.93008177345524,9.35259805334081,1,1,176
0,0.684295033104718,9.35259805334081,0,1,176
0,1.03557545962941,9.36693245810828,0,1,176
0,0.0818534353747964,9.35259805334081,0,1,176
0,3.92237001268153,9.35773738545564,0,1,176
0,0.125191751867533,0.38808471603736,1,1,177
0,1.78739576964619,0.464783364393515,0,0,177
0,0.579838660545647,0.38808471603736,1,1,177
0,3.79455916939263,0.4216298182373,1,1,177
0,0.416283326223493,0.38808471603736,0,0,177
0,0.813450573943555,0.38808471603736,1,1,177
1,3.99207949621563,0.38808471603736,0,0,177
0,5.8965361860014,0.407432169216741,0,0,177
0,0.829490261152387,0.38808471603736,0,0,177
0,0.901970360428095,1.05130112465818,0,1,178
0,1.81771902359071,1.11177089418521,1,1,178
0,0.112356760632546,1.05130112465818,0,1,178
0,2.70331444582882,1.05130112465818,0,1,178
1,2.30665477857541,1.05798171338321,0,1,178
0,1.6247425469661,1.05130112465818,1,1,178
0,3.16753421812167,1.09973759916742,0,0,178
0,1.10342020075768,1.05130112465818,0,1,178
0,3.28581511957531,1.05607546282338,1,1,178
0,0.111888140439987,1.12134256833183,1,1,178
0,0.74897716846317,1.05130112465818,0,1,178
0,7.5496347356112,1.09064168497101,1,1,178
1,2.46086312449517,1.1159614666197,0,1,178
1,0.251810881309211,1.05130112465818,1,1,178
0,10,1.05130112465818,0,1,178
1,0.94023281428963,1.09415899042643,1,1,178
0,0.154233590783578,1.05130112465818,0,1,178
0,1.40603540091482,1.0725234988798,0,0,178
0,0.0800034441053867,0.979127174319576,1,1,179
0,6.16699603031941,0.860435394375717,1,1,179
0,4.49597265861938,0.870264289290046,1,1,179
0,0.19782774318867,0.839269341830511,0,1,179
0,0.493687639012933,0.839269341830511,1,1,179
0,0.781787984073162,0.839269341830511,1,1,179
0,5.15080450077481,0.839269341830511,1,1,179
0,1.36253843922168,0.839269341830511,0,0,179
0,0.568467962555587,0.839269341830511,1,1,179
0,0.068683261051774,0.889306423063691,1,1,179
0,0.104828155326456,0.839269341830511,1,1,179
1,6.07411076094875,1.15126914546287,1,1,180
0,1.06634574662894,1.15126914546287,1,1,180
0,3.13743235526567,1.15126914546287,0,0,180
0,0.585178297013044,1.15126914546287,0,1,180
0,0.422404108706449,1.25052703852208,0,0,180
0,1.60214001131134,1.16893112349179,0,1,180
1,1.67100640564206,1.16322054133374,0,1,180
1,0.0294005116447806,1.20029462945049,0,1,180
0,0.102063817903399,1.15126914546287,1,1,180
0,2.06291709241074,1.21690314099705,0,0,180
0,1.94803458169642,0.49267715005221,0,0,181
0,3.09195831401234,0.443107061663205,0,0,181
0,0.978560425341129,0.395805908682981,0,0,181
0,0.848355230875313,0.405097314802311,1,1,181
0,0.676518661901355,0.395805908682981,1,1,181
1,2.55038177399876,0.482192595083032,0,0,181
1,0.447704048529906,0.395805908682981,1,1,181
0,4.395100954668,0.410566757897388,0,1,181
0,1.03101473206388,0.440293226780827,1,1,181
0,1.91528577250056,0.415181840569449,1,1,181
0,0.482539356368338,0.458046751664355,0,0,181
0,0.156754600815475,0.395805908682981,0,1,181
0,0.412821225821972,0.439556322116397,1,1,181
0,0.41099671035916,0.427012796360697,1,1,181
0,1.28033414576203,0.395805908682981,1,1,181
0,2.17320400654318,0.395805908682981,1,1,181
1,1.72449833332541,0.395805908682981,1,1,181
0,5.84522589872266,0.459262404840274,0,0,182
0,1.983176080426,0.459262404840274,0,0,182
1,1.36882492806762,0.459262404840274,0,0,182
0,0.145829658996448,0.517254399965159,0,0,182
1,0.444465287961066,0.459262404840274,0,0,182
1,1.76176090343835,0.459262404840274,0,0,182
0,0.831086350568029,0.469121151707306,1,1,182
0,6.69095396961937,0.459262404840274,1,1,182
1,0.0164946819618374,0.459262404840274,0,0,182
0,0.160581483258149,3.10827103624577,0,1,183
0,5.7522553351141,3.07400402115083,1,1,183
0,0.324188774451613,3.06027992757742,1,1,183
0,1.09984555188566,3.1256701074251,0,1,183
0,1.40477249262844,3.04284491489366,1,1,183
0,0.458734233863652,3.05920813645654,1,1,183
0,1.00793013069779,3.07581212249278,0,1,183
0,5.54322844345994,3.1082167545068,0,0,183
0,0.470079477587429,3.09217897332328,1,1,183
0,1.38529104739428,3.03345381366511,1,1,183
0,4.19592114885278,3.03345381366511,1,1,183
0,1.95014246106635,3.03345381366511,1,1,183
1,1.05976550932974,0.753735713455699,0,1,184
0,1.89653307377341,0.740846882138068,0,0,184
0,0.243575978092849,0.740846882138068,0,1,184
0,4.00070044754033,0.78284262249189,1,1,184
0,1.24816002976149,0.781262989251992,0,0,184
0,0.379427896812558,0.740846882138068,0,1,184
0,1.83046465708959,0.740846882138068,0,0,184
0,3.21815123727438,0.769315727583897,1,1,184
0,0.838857946917415,0.740846882138068,1,1,184
1,3.98798282800202,0.862091700032129,0,1,184
1,3.07064842089041,0.740846882138068,0,1,184
1,4.02429755760317,0.740846882138068,0,0,184
0,2.41730620889905,0.789503761117843,0,0,184
0,2.70946891783717,0.740846882138068,1,1,184
0,0.0666967953845359,0.7548645327269,0,0,184
0,0.387586713768542,0.742204414143458,0,0,184
0,2.94066132021293,0.882989845343677,0,1,184
0,1.71625938101929,0.740846882138068,0,1,184
0,0.628794033080339,0.929591933628972,1,1,185
0,0.281250221654773,0.902354010990631,0,0,185
0,0.112837770028916,0.89711256209779,1,1,185
1,4.16353213936719,0.924603264067023,1,1,185
0,5.88914720617731,0.898236021606825,0,0,185
0,0.0721128061413765,0.905726848516158,0,0,185
0,1.23877174779773,0.958324021341955,1,1,185
0,0.725140845403075,0.927906450719864,1,1,185
0,4.39196649541087,0.939887311266038,1,1,185
0,1.62966546307644,0.89711256209779,0,1,185
0,1.68988738573136,0.89711256209779,1,1,185
0,3.42614052417245,0.89711256209779,1,1,185
0,4.5757007257113,0.644288127434934,1,1,186
0,2.17308254531565,0.652268963229836,0,1,186
1,0.380018933676183,0.713365592339533,1,1,186
0,0.744154497981071,0.640516817727114,0,1,186
1,0.392189287697233,0.607423016641705,0,0,186
0,0.0734700476750731,0.603994967622614,1,1,186
0,0.564573447220027,0.642039549864516,1,1,186
0,0.44878969215298,0.59071580110585,0,1,186
1,0.778007815591991,0.58236105740572,0,1,186
0,0.354341058991849,0.598146546707042,0,0,186
0,0.747465553693473,0.58236105740572,1,1,186
1,0.437703328207135,0.647506534623864,0,0,186
0,0.816067515872419,0.614088001372709,0,1,186
0,1.22291016764939,0.634789782197707,1,1,186
0,3.94196790973758,0.592542832968585,1,1,186
0,1.64014967150035,0.58236105740572,0,1,186
0,5.27873664696641,0.58236105740572,1,1,186
0,3.2121861986437,1.14102065988786,1,1,187
1,0.29674290958792,1.08617550626879,0,1,187
0,8.78050286615453,1.07829376387402,0,1,187
1,0.917775353212374,1.07829376387402,0,0,187
1,0.0590151930135503,1.08434095223848,0,0,187
0,1.97948634802344,1.07829376387402,0,1,187
1,0.239600720542037,1.07829376387402,0,0,187
0,2.00395349963548,1.10828766898454,0,0,187
0,1.00630524677882,1.07829376387402,0,0,187
0,2.22792033470216,1.27267526971565,0,1,188
0,1.3734899815172,1.23738022092716,0,0,188
1,0.153137932531536,1.23738022092716,1,1,188
0,0.0231335096474804,1.23738022092716,1,1,188
0,4.22164071698613,1.36550269551195,0,1,188
0,0.629571722820401,1.26565700247921,0,0,188
1,0.207841699011624,1.23738022092716,0,0,188
0,0.0560463489964604,1.27578464931013,0,0,188
0,1.47763105315592,1.23738022092716,1,1,188
0,2.22385154891262,1.23738022092716,0,1,188
0,1.85381293474677,0.62261825371996,0,1,189
0,0.244836289398623,0.650671703708541,1,1,189
0,1.56708745545183,0.62261825371996,1,1,189
0,0.288385672494769,0.666998984176285,0,1,189
1,4.08848309127574,0.662863245726246,1,1,189
0,0.0342986937612295,0.636973275630808,1,1,189
0,1.76125857104888,0.637738295711865,1,1,189
0,0.0678932817515588,0.727923099935845,0,1,189
0,0.953508761665104,0.652171851101667,0,1,189
0,3.73347106931691,0.62261825371996,1,1,189
0,1.29737029131502,0.62261825371996,1,1,189
1,0.791411357931793,0.398095926706585,0,0,190
1,6.04988512363205,0.375509465855891,0,1,190
0,4.71045219500489,0.356322476317181,0,0,190
0,1.25029767211527,0.356322476317181,0,1,190
1,0.405577430763478,0.356322476317181,1,1,190
0,0.474855684675276,0.383099063294921,0,0,190
0,3.53120560182219,0.356322476317181,1,1,190
1,0.398029313901572,0.357233738092908,1,1,190
0,4.06482528133278,0.371760127385869,0,0,190
1,0.564548815600574,0.382060678903368,0,0,190
0,9.14978692630186,0.616914818179376,0,0,191
0,3.18246538053278,0.533272584880474,0,1,191
1,1.58672673805597,0.505864428681411,0,1,191
0,1.90355477846208,0.505864428681411,0,1,191
0,4.10261547176128,0.505864428681411,0,0,191
0,7.47883508684945,0.505864428681411,0,0,191
1,6.40050457384358,0.505864428681411,0,1,191
1,1.12470647050093,0.505864428681411,0,1,191
0,2.40618892191889,0.521384590235595,1,1,191
0,0.495977614074945,0.505864428681411,1,1,191
0,2.55308184764328,0.505864428681411,1,1,191
0,4.05981055630331,0.452651906974191,0,0,192
0,2.01033414891901,0.452651906974191,0,0,192
0,6.40918627347717,0.452651906974191,0,0,192
0,0.957389356418538,0.50120065526803,0,0,192
1,0.298606160359853,0.507193195733965,0,0,192
0,1.16831221897155,0.452651906974191,0,0,192
0,1.12149949179677,0.465350195366391,0,0,192
0,1.82474810621681,0.500885223544311,1,1,192
0,1.80779515012147,0.452651906974191,0,0,192
0,1.53563563666315,0.526974231083132,0,0,192
1,3.05076631886845,0.465115826409129,0,0,192
0,3.19227046280351,0.452651906974191,0,0,192
0,5.40968086172767,0.476292212885298,0,0,192
0,2.05911278993857,0.452651906974191,0,0,192
1,4.28942326708725,0.459786521980196,0,0,192
1,3.32206797087123,0.521120715853884,0,0,192
1,0.124481026083231,1.31122643439937,1,1,193
1,0.169192377477884,1.40023356990756,0,0,193
0,0.162315717463881,1.31122643439937,0,1,193
1,1.9649266078228,1.3696915402732,1,1,193
1,1.56405304736438,1.31122643439937,0,0,193
1,3.57159172354226,1.31122643439937,0,0,193
0,1.86567536546829,1.31122643439937,0,0,193
0,2.65269297539237,0.700677131754711,1,1,194
1,1.12725348304957,0.700677131754711,0,1,194
1,3.13147330279812,0.700677131754711,0,1,194
0,0.47314846295143,0.735683516517149,0,1,194
0,3.00948173535948,0.700677131754711,0,1,194
0,0.438284784555435,0.719992496233071,1,1,194
0,0.604090366512537,0.760186288545486,1,1,194
1,0.187168559265472,0.72654452728908,1,1,194
0,2.46449811748209,0.724581421179392,0,1,194
0,2.89409705234652,0.73938234260622,0,0,194
0,0.428830160759389,1.23001206308063,0,1,195
1,1.4298104227592,1.23001206308063,1,1,195
0,1.43796111448648,1.24230781318252,0,1,195
0,0.294678050045733,1.31005557074339,1,1,195
0,0.0601345598697662,1.23001206308063,0,0,195
0,0.618310378864408,1.26455406949909,0,0,195
1,0.097790370695293,1.23001206308063,0,1,195
1,0.51145454775542,1.23001206308063,1,1,195
1,0.483431781685929,1.29175133740334,0,0,195
0,1.44237731202486,0.789391907119741,0,0,196
0,2.117444479754,0.814175173478889,0,0,196
0,0.825313925743103,0.833806857497533,0,0,196
0,0.345311796524642,0.789391907119741,1,1,196
1,0.0462905567835442,0.789391907119741,1,1,196
0,1.00414441152937,0.789391907119741,0,1,196
1,1.22960814740509,0.994326436243125,0,1,197
0,0.00135797448456287,0.987002274822649,1,1,197
0,2.35684221229496,1.03198060607301,0,0,197
0,2.34731193862874,0.98802178249532,1,1,197
0,1.79586624826548,1.0182730843027,0,1,197
0,0.811277753988056,0.987002274822649,1,1,197
1,1.6896301658613,1.10542733629222,0,1,197
0,2.77162219761851,0.987002274822649,1,1,197
0,2.40548760733301,0.987002274822649,0,1,197
0,1.13911663834006,0.987002274822649,1,1,197
0,0.141265446320176,0.987002274822649,0,1,197
0,0.456510764351783,0.987002274822649,1,1,197
0,2.60256191520932,0.987002274822649,1,1,197
0,0.663558251224458,0.987002274822649,1,1,197
0,1.31695912219584,1.05543604724207,1,1,197
0,5.33153282453246,1.02815972702139,0,0,197
0,3.55237177370076,0.987002274822649,1,1,197
0,0.684133497066796,0.997622296569676,1,1,197
1,0.175548110867248,0.318620661557037,0,0,198
1,0.0320552913472056,0.340574643795487,1,1,198
0,1.56965780436041,0.318620661557037,0,0,198
0,2.22628789014163,0.32777238989516,0,0,198
0,0.244254985763774,0.318620661557037,0,1,198
0,6.18248738450693,0.345853347550709,0,0,198
1,0.401946849189699,0.335493481736069,0,0,198
0,3.0094688644815,0.442371818277298,0,0,198
0,0.454893913215153,0.3252765540686,0,0,198
0,3.09326775278772,0.345514630330726,0,0,198
1,1.10299238096923,0.355355428029011,0,0,198
0,0.988182440400124,0.318620661557037,1,1,198
0,1.45654812260511,0.318620661557037,0,0,198
0,3.98737304268365,0.837364538956743,1,1,199
0,4.84182028819747,0.800170037191454,0,1,199
0,1.21228502038866,0.832247579857795,1,1,199
0,2.18614483789052,0.841878860921504,1,1,199
0,9.22631315091505,0.800170037191454,1,1,199
0,0.615794352150604,0.876792977430583,0,1,199
0,5.11058036585279,0.800170037191454,0,1,199
0,1.74508688776734,0.800170037191454,1,1,199
0,2.24144519112053,0.800170037191454,0,1,199
0,1.47443714170697,0.800170037191454,1,1,199
0,0.381060079671443,0.800170037191454,1,1,199
1,2.52080678372624,0.818765896311485,1,1,199
1,0.451032176613808,0.801438224314545,1,1,199
1,0.969451989047229,0.837463221855683,1,1,199
1,2.6502711008394,0.879693036786332,0,1,199
0,2.56621458559277,0.800170037191454,0,1,199
0,0.0736976396292448,0.800170037191454,0,1,199
0,3.33456052077894,0.86048537351488,1,1,199
0,5.32735853989549,0.800170037191454,1,1,199
0,0.393813750706613,0.876205452500408,0,1,199
0,0.156184209510684,2.52116828594847,1,1,200
0,0.74910565558821,2.47924706148699,1,1,200
0,2.15450121640208,2.47674676006213,1,1,200
0,1.71747820629718,2.50056533294074,1,1,200
0,1.15769134275615,2.46816184618097,0,1,200
0,7.21601636293245,2.57145314898448,1,1,200
0,2.49490355319324,2.52777605341668,0,1,200
0,2.49593499480727,2.50385450866374,1,1,200
0,2.14686284578385,2.48497674162405,1,1,200
1,1.17215017881244,2.46750977757974,1,1,200
0,5.7966900844321,3.99738664899018,0,1,201
0,0.502792733468593,3.99738664899018,1,1,201
0,1.46792898504975,4.00395344220998,1,1,201
0,0.707854653708637,4.06227113812559,0,1,201
0,0.233532043173909,4.04117835401366,1,1,201
0,3.80617506412749,3.99738664899018,1,1,201
0,0.0612540060586458,3.99738664899018,0,1,201
0,0.107346828313563,3.99738664899018,1,1,201
0,4.61297343273587,3.99738664899018,1,1,201
0,0.359983511728446,3.99738664899018,1,1,201
0,0.0515639577060938,4.04489910269152,1,1,201
0,0.281431941315532,3.99738664899018,0,0,201
0,5.97807937826882,4.00715930130124,0,1,201
1,1.16261352412403,3.99738664899018,1,1,201
0,0.161240144632757,1.7877560425257,1,1,202
0,8.97832003930464,1.79637388978052,0,0,202
0,1.34283105842769,1.7877560425257,1,1,202
0,1.54533055336519,1.7877560425257,0,0,202
0,0.766297874040902,1.7877560425257,1,1,202
0,0.958296503871679,1.7877560425257,1,1,202
0,1.94110749839785,1.7877560425257,0,0,202
0,3.05870865563323,1.83107940099419,1,1,202
0,3.14921205474024,1.7877560425257,1,1,202
0,1.14671845268458,1.89062849347792,0,0,202
0,3.9690947307456,1.81507858030855,1,1,202
0,2.88326260803227,1.82898629497858,0,1,202
1,0.331486912444234,1.7877560425257,1,1,202
0,0.661671641282737,1.7877560425257,1,1,202
0,0.661327815703153,4.80711618911786,1,1,203
0,1.57001874401214,4.81266816669272,1,1,203
0,3.92426107061987,4.80785319734954,1,1,203
0,1.05529587063938,4.79362253244219,0,1,203
0,1.87226707575069,4.85023373240835,0,1,203
0,0.720777062699199,4.81735738901915,0,1,203
1,2.5497628430927,4.79362253244219,1,1,203
0,4.05627275241499,4.79362253244219,1,1,203
0,1.32610721793026,4.85488278805334,0,1,203
0,4.80473940421767,4.84797047297018,1,1,203
0,1.383167010732,0.903926030105854,0,0,204
1,3.64875527827029,0.784369060784425,0,1,204
1,0.00527237541973591,0.819331300764908,0,0,204
0,0.257313505746424,0.784369060784425,1,1,204
1,2.83714162208492,0.804948635917324,0,0,204
1,0.32697612605989,0.784369060784425,0,0,204
0,1.01024649478495,0.861591716547563,0,0,204
1,5.9641204894826,0.784369060784425,0,0,204
1,0.825661532853659,0.784369060784425,0,0,204
1,2.43701991989257,0.784369060784425,0,0,204
0,0.913638397119939,0.861406840846292,0,0,204
0,1.51132047167959,0.784369060784425,0,0,204
0,1.10451845731586,0.81040071750122,0,1,204
0,5.93024048175583,0.837727537254852,0,0,204
0,1.69317034623566,0.784369060784425,0,0,204
1,0.0186413087962813,0.812857710473016,0,0,204
0,2.64867076269331,0.75671423706954,0,1,205
0,0.515823977740372,0.799118890409644,1,1,205
0,0.102422413416207,0.756758994182309,1,1,205
0,0.974157904449905,0.743077489203934,0,0,205
0,4.22468671549983,0.803328154539499,0,0,205
0,1.76812176211717,0.743077489203934,0,0,205
1,0.13383845705539,0.743077489203934,0,0,205
0,4.35875016435645,0.743077489203934,0,0,205
0,0.291492351364133,0.743077489203934,1,1,205
0,2.13499479918721,0.786195068361703,0,0,205
1,4.18098379681227,0.743077489203934,0,0,205
1,0.377749822102487,0.768952298065205,0,0,205
0,0.672714015468955,2.47876228647781,0,1,206
0,5.48276096929736,2.47876228647781,0,0,206
0,1.51443228489699,2.48927294828614,1,1,206
0,2.37741297475042,2.50402143130106,1,1,206
1,1.34669784363359,2.50609269090007,0,0,206
0,1.02349898275892,2.50563365868756,0,1,206
1,1.03332208562642,2.47876228647781,1,1,206
0,0.122326684079685,2.47876228647781,1,1,206
1,1.31869168765843,2.47876228647781,0,0,206
0,0.381367552094162,2.48008797979997,1,1,206
0,1.22433214075863,2.49933053328269,1,1,206
0,1.44546815871296,2.47876228647781,1,1,206
0,0.452025322987795,2.47876228647781,0,1,206
1,5.45034955044217,0.655071166910695,0,1,207
0,1.64586146749984,0.686334076387469,1,1,207
1,1.29950297344476,0.643658972522635,0,0,207
0,3.16536834819202,0.61824754940196,0,0,207
1,1.97817519811243,0.626219982288316,0,0,207
1,2.62966575092616,0.61824754940196,0,1,207
0,1.73545962181361,0.703910597549433,1,1,207
1,1.08721038131745,0.641998504784659,0,1,207
0,1.06799184251577,0.654172642615357,0,0,207
0,0.982439151965082,0.665135481677086,0,1,207
0,3.57749120129232,0.61824754940196,0,1,207
1,0.098020107485354,0.61824754940196,1,1,207
0,0.779114698059857,0.61824754940196,1,1,207
0,3.64240113561066,0.61824754940196,1,1,207
0,0.984000325202942,2.55547440378368,1,1,208
0,0.829450136981905,2.59345558703185,1,1,208
0,0.197740950621665,2.55644588854774,1,1,208
0,1.82516787192764,2.62666144225249,1,1,208
0,3.21860636876378,2.57728154623202,0,0,208
0,3.5173252931047,2.55547440378368,0,0,208
0,5.45696090509124,2.55547440378368,0,0,208
0,1.14186487812549,1.33890693252919,1,1,209
0,5.5236917545361,1.38053481833412,1,1,209
0,3.55612612126355,1.33890693252919,1,1,209
0,5.89798771846693,1.33890693252919,1,1,209
0,0.420044111087918,1.33890693252919,0,1,209
1,1.10164135973901,1.35175942915735,0,1,209
0,0.791048359125853,1.33890693252919,1,1,209
0,0.676102400541694,1.33890693252919,1,1,209
0,1.50981812030238,0.958280172900932,0,1,210
0,3.81604533253198,0.88427804343161,1,1,210
1,0.383146138861775,0.88427804343161,1,1,210
0,1.05215162411332,0.954421264615968,0,0,210
0,0.574060740046989,0.88427804343161,1,1,210
0,10,0.911487782225138,0,0,210
0,3.93070673925762,0.88427804343161,1,1,210
0,3.1918819209743,0.88427804343161,0,1,210
0,3.58952923102264,0.929526167248384,1,1,210
0,0.0227068467065692,0.912012682426693,0,0,210
0,1.58318409521956,0.88427804343161,1,1,210
0,0.127080889418721,0.499090618971738,0,1,211
0,0.260550293516198,0.499090618971738,0,0,211
1,0.0410659248009324,0.599417211736021,1,1,211
0,0.137772820196246,0.567124122420797,0,1,211
1,5.27610467721648,0.505774587306154,1,1,211
1,2.07983707441928,0.513012835765394,0,0,211
0,1.37772022746503,1.17504687534799,0,0,212
0,0.991673784330487,1.17504687534799,1,1,212
0,0.732334073388479,1.20933667175998,0,1,212
0,0.734092129394412,1.17504687534799,1,1,212
0,1.52386998376789,1.19472845305484,1,1,212
0,1.94479118837955,1.22286333255366,0,1,212
0,2.60854090369287,1.20073710685774,0,1,212
0,0.897008128464222,1.17504687534799,0,1,212
0,0.214405270293355,1.23442368600471,1,1,212
1,0.323153859935701,1.17504687534799,1,1,212
1,0.603642849251628,0.555272642690993,0,0,213
1,1.30562810599804,0.588848348621038,0,0,213
1,0.820429456420243,0.555272642690993,0,0,213
1,0.151063837110996,0.555272642690993,0,0,213
1,0.26456711507968,0.555272642690993,0,0,213
0,2.81763752160554,0.555272642690993,0,0,213
1,0.530426831915975,0.683477298269303,0,0,213
0,1.12870355788618,0.555272642690993,0,0,213
0,0.692016007391123,0.622066916885831,0,0,213
0,1.43368457808139,0.627733479970377,0,0,213
1,0.660060487687588,0.560153202045998,0,0,213
0,1.20278635248542,0.555272642690993,0,0,213
0,1.5262847621089,0.471623148361242,0,0,214
1,0.299666005477826,0.477244188362238,0,0,214
0,0.257813622243702,0.549861127886501,1,1,214
0,5.03353699865062,0.471623148361242,1,1,214
0,3.78813308460598,0.471623148361242,1,1,214
0,0.290260473266244,0.471623148361242,0,0,214
0,1.32095369230956,0.488189834571316,1,1,214
0,1.3264012215659,0.471623148361242,0,0,214
0,0.99516810849309,0.559364471510032,1,1,215
0,0.805965891107917,0.559364471510032,1,1,215
0,2.4480386845522,0.559364471510032,0,0,215
0,0.664704245410682,0.598212482393948,0,0,215
0,0.181311500070032,0.559364471510032,0,0,215
0,0.146054586395621,0.567357697250847,0,0,215
0,0.967691604979336,0.559364471510032,1,1,215
1,4.01835546253209,0.594229571566031,0,0,215
1,0.618444532378376,0.559364471510032,0,0,215
1,2.32047477914932,0.559364471510032,0,0,215
0,0.379144756123424,0.240474938456834,0,0,216
1,5.71933437850247,0.240474938456834,0,0,216
1,2.1605451273823,0.240474938456834,0,1,216
0,8.25689832451654,0.240474938456834,0,0,216
0,2.03287048909382,0.283042930115483,1,1,216
0,2.29062204054537,0.240474938456834,0,0,216
0,1.12906473968178,0.256109975192358,0,0,216
0,0.341776999152097,0.653803535276938,0,0,217
0,0.314720547758043,0.682984819845709,1,1,217
1,1.52096125471866,0.653803535276938,1,1,217
0,2.49233719605301,0.653803535276938,0,1,217
0,5.20736350466437,0.653803535276938,0,0,217
0,1.09998512464299,0.686577128651225,1,1,217
1,9.04550836184874,0.735790762140544,0,1,217
0,1.26310855243355,0.653803535276938,1,1,217
0,0.0886010034009814,0.653803535276938,1,1,217
1,0.342259810306132,0.653803535276938,0,0,217
0,0.602807075716555,0.653803535276938,0,0,217
0,5.54092663873859,0.653803535276938,0,0,217
1,0.259843706649464,0.653803535276938,0,0,217
0,2.71323373160305,0.653803535276938,1,1,217
0,0.176855098162874,0.653803535276938,0,1,217
0,2.38781855887895,0.70329674248125,1,1,218
0,1.14358372893184,0.70329674248125,0,1,218
0,0.795063642784953,0.70329674248125,0,1,218
0,0.244703415219349,0.731727068023117,0,1,218
0,1.11039468459785,0.74801520351744,1,1,218
0,0.452861317141809,0.737036536922189,0,0,218
1,1.16149344388396,0.70329674248125,1,1,218
0,2.44653613562776,0.70329674248125,1,1,218
0,3.11908852664714,1.04311333412949,0,0,219
0,4.94614416708179,1.00889764234816,0,0,219
1,0.896347388625145,0.99392628577704,0,0,219
1,3.09378206713085,0.99392628577704,0,0,219
0,0.562868412584066,0.99392628577704,0,0,219
1,1.62208187199178,1.05994735715848,0,0,219
1,0.635089412327988,1.01644127945768,0,1,219
1,1.66229063822868,0.99392628577704,0,0,219
1,1.58354828498306,0.99392628577704,0,0,219
0,3.85763414780288,1.0001668426887,0,1,219
0,0.32445355784148,1.09986499350982,0,0,219
0,1.93000927644102,0.99392628577704,0,0,219
0,0.506893550977111,0.99392628577704,0,0,219
0,0.44437203835696,1.05909041153612,0,0,219
0,0.140404792502522,3.43861436542464,1,1,220
0,0.0823492361232638,3.43905753488487,1,1,220
0,7.24657100113938,3.36378148010888,0,1,220
1,1.71973369075897,3.36378148010888,0,1,220
0,0.66684074398855,3.46922007416769,1,1,220
1,4.96594708015151,3.36378148010888,0,1,220
0,3.1362913919795,3.36378148010888,0,1,220
0,0.0839617548374262,3.39452084265028,0,0,220
0,1.63148659831824,3.44734935774843,0,0,220
0,0.783608646132052,3.38836728462288,1,1,220
0,0.514507972845963,3.36582992291787,1,1,220
1,0.353153936564922,3.36378148010888,0,1,220
0,3.27827954648023,3.36378148010888,1,1,220
0,0.51057224906981,3.38740969032652,1,1,220
0,0.359647745266557,3.36378148010888,0,0,220
0,4.05072418956046,3.36378148010888,0,0,220
0,1.2602656451383,0.98976831264347,0,0,221
0,3.81207857636695,0.98976831264347,0,0,221
1,2.5781206152493,1.04372250670137,0,0,221
0,6.39191427793274,1.33489744394559,1,1,222
0,0.0581861650571227,1.3742398003347,1,1,222
0,0.611693213693798,1.32684603856204,1,1,222
1,1.03419853001833,1.4589940983163,0,0,222
0,3.06627153704597,1.37334327626061,1,1,222
0,1.8510914518589,1.32684603856204,0,0,222
0,0.0550089664757252,1.34288882376275,0,1,222
0,0.668121030554175,1.32684603856204,1,1,222
0,3.15921014427597,1.32684603856204,1,1,222
0,3.4926197339166,1.32684603856204,1,1,222
0,0.90135895088315,1.32684603856204,1,1,222
0,1.01054501067847,1.32684603856204,1,1,222
0,0.727544063900548,1.32684603856204,0,0,222
0,1.51390837277504,1.32684603856204,0,1,222
0,0.432454214431345,1.39722111256394,0,1,222
0,3.86239894752148,1.29873271687982,0,1,223
0,0.12761280592531,1.23729014545563,1,1,223
0,2.15650224062241,1.30418448753333,1,1,223
1,0.469287632964551,1.26348818051489,0,0,223
0,0.203899382613599,1.29474273752759,0,0,223
1,1.76132442793789,1.32659841536894,0,0,223
0,1.52904213956537,1.28630724001766,1,1,223
1,0.375463515322546,1.26356459155483,0,0,223
0,1.70469626775923,1.23729014545563,1,1,223
0,5.50300672997661,1.23729014545563,1,1,223
0,0.0274141635745764,1.23729014545563,0,1,223
0,3.5070534905601,1.27418636005523,1,1,223
0,3.10256666300778,1.24380056853858,1,1,223
0,0.750612215138972,0.541555188731412,1,1,224
0,1.04898151848465,0.520184609822921,1,1,224
0,2.603492597034,0.522432383841857,0,1,224
0,1.19847580231726,0.520184609822921,0,1,224
0,0.811737965792418,0.520184609822921,0,0,224
0,0.836392742581666,0.520184609822921,1,1,224
1,1.15024986863136,0.520184609822921,0,1,224
0,0.434485962614417,0.520184609822921,0,0,224
1,0.669451028108597,0.520184609822921,1,1,224
1,0.472284890711308,0.622264244813892,0,1,224
0,3.68173730749563,0.520184609822921,0,1,224
0,0.565729400930654,0.520184609822921,1,1,224
1,6.05164234306584,0.520184609822921,0,1,224
1,2.163042595526,0.689007123363287,0,0,225
1,4.95187148799129,0.670374787403303,0,1,225
0,1.7673470030825,0.670374787403303,1,1,225
0,0.44283608905971,0.673860916061166,0,1,225
1,1.14916388262343,0.670374787403303,1,1,225
0,0.38478516095291,0.737209019142128,0,1,225
0,2.09096683739665,0.670374787403303,0,0,225
0,10,0.736756025024408,1,1,225
1,1.14448055997491,0.675295037902045,0,0,225
0,0.960718393325806,0.71565896597391,0,1,225
0,0.0440261989319888,0.686116517034886,1,1,225
0,1.83097576155307,0.670374787403303,0,1,225
1,1.87405644841891,0.670374787403303,0,0,225
0,2.3724142461175,0.670374787403303,1,1,225
1,3.48326942163084,0.960438203627886,1,1,226
1,1.09354026429355,0.960438203627886,0,1,226
0,7.24732957365823,0.960438203627886,1,1,226
0,1.47735236017945,0.960438203627886,0,1,226
0,2.16742407894673,0.960438203627886,1,1,226
0,1.94137666552308,0.960438203627886,1,1,226
0,2.90874955321115,0.990525373353391,0,1,226
1,0.746896070428193,1.00909063877037,1,1,226
0,3.28151344837971,0.960438203627886,0,1,226
0,0.872163405641913,0.960438203627886,0,1,226
0,5.45775668670364,0.960438203627886,1,1,226
0,3.78570131940727,0.960438203627886,0,1,226
0,3.62085416151171,1.06772821998216,1,1,226
0,1.45512132710757,0.960438203627886,1,1,226
1,3.11840987107606,1.06216653144669,1,1,226
0,2.2492331675345,1.00668059814156,0,1,226
0,1.14344157651067,0.960438203627886,1,1,226
0,0.775563047267497,1.54058820736445,0,0,227
0,0.970423139613362,1.53470569297096,1,1,227
1,4.63310567666377,1.48615141897923,0,1,227
0,6.6918859776474,1.48615141897923,0,1,227
0,2.73075180119815,1.48615141897923,0,1,227
0,8.84972459210322,1.48615141897923,0,1,227
0,0.352816870797584,1.55564816637173,0,1,227
0,0.56230242177844,1.5434209636915,1,1,227
0,1.87319795158273,1.48615141897923,1,1,227
0,10,1.50645306368351,1,1,227
0,1.46492478102795,1.56942888074937,0,0,227
1,0.551985060796142,1.5153752737197,1,1,227
1,1.82787341789898,1.57282355955065,0,1,227
0,0.0388261578911243,7.8339964732226,1,1,228
0,1.66450192584636,7.90189880523798,1,1,228
0,0.960849962197244,7.8339964732226,1,1,228
0,6.30359880592594,7.89076385041007,1,1,228
0,0.182836551219225,7.8339964732226,1,1,228
0,7.24773804428888,7.89183023946388,1,1,228
0,0.0846620528027415,7.8339964732226,0,1,228
0,0.598304235376418,7.8339964732226,1,1,228
0,3.47811412049418,7.90634270148701,1,1,228
1,1.65859319083044,7.88014983750651,0,1,228
0,0.158313609453284,7.8339964732226,1,1,228
0,0.57710528653115,7.8339964732226,1,1,228
0,1.04868637495774,7.8339964732226,1,1,228
0,4.91073451826204,0.483111082818378,0,0,229
1,1.69064693901807,0.533186471617107,0,0,229
1,1.76973381636213,0.483111082818378,0,0,229
1,0.671213720680253,0.539640205838614,0,1,229
0,8.50243112966888,0.483111082818378,0,0,229
0,2.20829632819015,0.483111082818378,0,0,229
1,2.25140890098157,0.505722106680398,0,0,229
0,2.18614347643199,0.483111082818378,1,1,229
0,0.458065945738386,0.483111082818378,0,0,229
1,1.9142662467458,0.567273300414282,0,0,229
1,1.71740503114927,0.483111082818378,0,0,229
1,2.32884524567964,0.483111082818378,0,0,229
1,1.23076382931322,1.40907450789047,1,1,230
0,1.21261742897332,1.35132500477327,0,0,230
0,0.291154516440985,1.39690817059712,1,1,230
0,0.168198426366618,1.35132500477327,0,1,230
0,0.600760491819361,1.35132500477327,0,0,230
0,2.31447000793161,1.35132500477327,0,0,230
0,1.32847866043448,1.35607997525151,0,0,230
0,0.0376859875395894,1.35132500477327,1,1,230
0,3.1452653480876,1.35132500477327,0,0,230
0,1.40756603098659,1.35132500477327,1,1,230
1,0.306976379826665,2.16388297253853,0,1,231
1,2.65653195782545,2.16388297253853,0,0,231
0,0.580098764161751,2.16388297253853,1,1,231
0,0.0444291414476944,2.16388297253853,1,1,231
0,2.5604502185339,2.24321717440409,1,1,231
0,1.79866934745553,2.20160037101025,1,1,231
0,7.55776746156526,2.23661792762613,0,0,231
0,0.269759860509359,2.16388297253853,0,0,231
0,5.6044073917792,2.19723904613924,0,0,231
0,0.144896013782295,2.16388297253853,0,1,231
0,0.26726245880127,2.16388297253853,1,1,231
0,1.80443785331192,2.16388297253853,0,1,231
1,0.989565811119974,0.421078257650059,0,0,232
0,0.854658037424088,0.403828429438501,0,0,232
0,1.31730108801275,0.403828429438501,0,0,232
0,0.0653796556244483,0.437338166685363,1,1,232
0,0.261580765247345,0.403828429438501,0,0,232
0,9.7168346869478,0.403828429438501,1,1,232
1,2.15751582561972,0.403828429438501,0,0,232
0,1.29520416725427,0.403828429438501,1,1,232
1,2.93816611899023,0.418611971111388,0,0,232
0,4.52215378333755,0.466904620546509,0,0,232
1,0.358361013233662,0.41863395124002,0,1,232
0,1.90367709091845,1.86007461864303,1,1,233
0,2.99157542346006,1.86007461864303,0,0,233
0,1.36843099538237,1.91117197097706,0,1,233
0,0.312413545325398,1.86007461864303,1,1,233
0,2.18558853297474,1.90073899436177,1,1,233
0,0.280303085109902,1.86007461864303,1,1,233
0,2.16538774891598,1.86007461864303,1,1,233
0,1.36930521484464,1.86814866847471,1,1,233
0,1.71844213261249,1.88844541166504,1,1,233
1,6.35508552160034,1.87373619224785,0,1,233
0,0.207244156235838,1.10449250796174,0,1,234
0,1.5112521618788,1.10449250796174,0,0,234
0,1.54437832712176,1.13696792437227,0,1,234
0,0.835198439657688,1.11855198321739,0,1,234
1,0.362531773746014,1.12657720572833,1,1,234
0,0.0211171128456561,1.10449250796174,1,1,234
0,2.23349483489039,1.10449250796174,1,1,234
0,0.158456384335009,1.11263709742898,0,0,234
1,0.131756301037967,1.10449250796174,0,0,234
0,10,0.256180930894144,0,0,235
1,0.0310643693197796,0.266225461456026,1,1,235
1,0.00904393115256363,0.256180930894144,0,0,235
1,0.177051547914743,0.312243933742317,1,1,235
0,1.73411583788629,0.349017079858656,0,0,235
0,2.87107101500357,0.275764556114832,0,0,235
0,3.23870199529414,0.256180930894144,0,0,235
1,0.305554267019033,0.257990469829363,0,0,235
0,3.64699294401293,0.256180930894144,0,0,235
0,4.05194424821024,0.256180930894144,0,0,235
0,0.362097503617406,0.792477615148137,0,0,236
1,0.474781905527327,0.916632926324094,0,0,236
0,0.197485975936581,0.803484586686602,1,1,236
0,6.83513838019142,0.836455265677958,0,0,236
0,0.501484834589064,0.792477615148137,0,0,236
1,0.667895056797728,0.810273398613193,1,1,236
1,0.0933440018431317,0.858619230514598,0,1,236
0,0.605545270256698,0.838921650274282,1,1,236
1,3.35853338224773,0.792477615148137,0,1,236
0,1.22400471847504,0.853898804877132,0,0,236
1,0.309729675762355,0.844476156808053,0,1,236
1,2.3308322323105,0.792477615148137,0,0,236
1,0.254221827062915,0.845030779430048,0,0,236
1,0.446731764948113,0.807690720304146,0,1,236
1,1.93603402367773,1.27397640640211,0,0,237
1,1.06310218945146,1.22036549595177,0,0,237
0,1.86556154294851,1.23684047623334,0,0,237
1,0.03334214124492,1.2385175329873,0,0,237
0,1.12846824619919,1.20048986588313,1,1,237
0,1.18667314201593,1.27558956536288,0,0,237
0,1.95003694473746,1.22999661061465,0,0,237
0,0.186768809333444,1.25874075033417,0,0,237
0,0.560877930848828,1.20048986588313,0,0,237
1,1.48844566138801,1.20048986588313,0,0,237
1,0.477338586933911,1.20048986588313,0,0,237
1,0.58590641990304,1.2380760694313,0,0,237
1,1.61607993762561,0.880015326216921,1,1,238
0,1.26295070908964,0.801114357714324,0,0,238
1,0.675775482319295,0.819846086085399,0,0,238
0,3.72976572049742,0.801114357714324,0,0,238
0,1.47018319359961,0.801114357714324,1,1,238
1,0.35509233232212,0.801114357714324,0,0,238
0,1.67142607263269,0.801114357714324,0,0,238
1,0.390606453642249,0.818602264752361,0,0,238
1,0.274304919117444,0.90606499272791,0,0,238
0,1.316421167925,0.801114357714324,0,0,238
1,4.99773136128612,0.883075528553743,0,0,238
1,1.09137086942792,0.822123292049588,0,0,238
1,0.618927584961057,0.801114357714324,0,0,238
0,0.990988820791245,0.913439261504103,0,0,238
0,0.357174555206548,0.8114205130517,0,0,238
0,9.30553463796034,0.801114357714324,0,0,238
1,0.402102692984045,0.801114357714324,0,0,238
1,7.57731945398164,0.801114357714324,0,0,238
0,0.677170402103265,1.47214912139424,1,1,239
0,0.707930165342987,1.41173006094203,1,1,239
0,0.263556886464357,1.42214075564377,1,1,239
0,3.1217344997633,1.40948473028402,1,1,239
0,0.321382480673492,1.39899559748178,1,1,239
0,2.06031534699776,1.46351631578438,1,1,239
0,0.26979620475322,1.39899559748178,0,1,239
0,3.7765225099939,1.39899559748178,1,1,239
0,3.77302683128004,1.39899559748178,1,1,239
0,2.49990543709162,1.40484184746581,1,1,239
0,0.195230450481176,1.77946118355434,0,0,240
1,0.222686660524011,1.77946118355434,0,0,240
1,0.314141922138309,1.77946118355434,0,0,240
0,0.622725380584598,1.7975980356098,0,0,240
1,1.74446326299551,1.79818632015667,0,0,240
1,0.13522105384618,1.84983987163084,0,0,240
1,0.649954604916275,1.77946118355434,0,0,240
0,0.90824031829834,1.81462000611491,0,0,240
0,1.00036104302853,1.77946118355434,0,0,240
0,2.55104662283304,1.78839949372845,1,1,240
1,1.79112837268951,1.87945122424529,0,0,240
0,0.0944734213927195,1.77946118355434,0,0,240
1,1.81550873621347,1.83661825928937,0,0,240
0,0.622815875336528,1.26985523152955,1,1,241
0,3.62008080614691,1.30340325968827,0,0,241
0,0.199972921982408,1.38637672657047,0,1,241
0,2.1875028412071,1.26985523152955,0,1,241
0,0.949127760715783,1.29497824782916,1,1,241
0,4.45630560367048,1.26985523152955,1,1,241
0,1.39779954208972,1.27812693616995,1,1,241
0,2.00701053804698,1.26985523152955,0,0,241
0,0.229747832752764,1.29771266067558,1,1,241
0,2.90605912713294,1.38980546407389,0,1,241
0,1.97343502200954,1.26985523152955,1,1,241
1,0.0853292075917125,1.26985523152955,1,1,241
1,1.98901019982042,0.290539516860732,0,1,242
1,0.622760223224759,0.287373846608827,0,1,242
0,1.15166694391519,0.287373846608827,0,0,242
1,1.75260373755338,0.287373846608827,1,1,242
0,3.62934852449071,0.360717285082423,0,0,242
0,6.46293880011807,0.287373846608827,0,1,242
0,3.90556424094324,0.300880470414817,0,0,242
0,2.65184055260363,0.287894747649774,1,1,242
0,2.02156885704937,0.319783896395352,0,1,242
0,2.37397277160528,0.287373846608827,0,1,242
0,1.06143626291305,0.287373846608827,1,1,242
0,1.60139474078062,1.1973924999556,1,1,243
0,5.35495838125177,1.09895855864352,1,1,243
0,6.05520002510319,1.10963463018453,0,1,243
0,4.203115341428,1.09895855864352,1,1,243
0,5.82176000286293,1.20278508161734,0,1,243
0,1.0315394597128,1.09895855864352,1,1,243
0,2.81737195436721,1.13208285268406,1,1,243
0,1.59663573363318,1.09895855864352,0,1,243
0,6.28457114961572,1.1353063097075,1,1,243
0,0.210050629451871,1.10314109693587,1,1,243
0,1.05800630711019,1.12110625580075,1,1,243
0,3.00187697549362,1.16775698252465,0,1,243
0,3.69674870355015,1.09895855864352,1,1,243
0,10,1.18381747348331,1,1,243
0,1.34124409593642,1.09895855864352,1,1,243
0,2.17914299472215,0.555723688641348,0,0,244
0,3.24238405359869,0.607713276608925,0,0,244
0,1.76300759791377,0.539127752892004,0,0,244
0,0.328327345785098,0.539127752892004,1,1,244
0,0.0322223667625106,0.606298738049463,0,1,244
1,2.02944347999039,0.57846515766931,0,0,244
0,1.94188854328707,0.560956716522235,0,1,244
1,1.98769914194202,1.19267616254711,1,1,245
1,2.37892078041079,1.19245337746048,0,0,245
0,3.10145334429398,1.1986843010482,0,1,245
0,10,1.19245337746048,0,0,245
0,0.8318398501724,1.27496690261198,0,0,245
0,4.24981433500476,1.19663056492034,0,0,245
1,1.9388563587508,1.24113581021527,0,0,245
1,2.45910189292374,1.19690496380462,0,1,245
0,1.80441749087515,1.28339775639669,1,1,245
0,0.348283008672297,1.19245337746048,1,1,245
1,1.7424537911171,1.20860265311353,0,0,245
0,1.28393879812211,1.21400682490087,0,1,245
0,1.36540223564953,1.19245337746048,0,0,245
0,2.18063197964661,1.22779056496864,0,0,245
1,5.10383504976459,1.19715206011423,0,0,245
1,1.27590211573988,1.24561771031085,0,0,245
0,0.737505481019449,0.943249247153854,1,1,246
0,2.10904672840426,1.07849246480465,0,0,246
0,0.157246092694969,0.943249247153854,0,0,246
1,1.20053946599364,1.01075678085238,0,0,246
0,3.61945572851186,0.943249247153854,0,0,246
0,1.58353655218127,0.943249247153854,1,1,246
0,1.01867297384888,0.959748888264575,0,0,246
0,5.91372927989731,0.958854099435309,0,0,246
0,2.11387976250591,1.19962379527844,1,1,247
1,3.16074733113425,1.26736265521742,0,0,247
0,1.16487451456487,1.19962379527844,0,1,247
0,1.44246102302315,1.19962379527844,1,1,247
0,2.31985136671903,1.28123351038069,0,0,247
0,1.83022873316891,1.22105683458322,0,1,247
0,4.24513462820775,1.24494687102866,1,1,247
0,5.35164194156356,1.22310219267711,1,1,247
0,2.18961591265144,1.29499590896172,1,1,247
0,1.61090419968806,1.19962379527844,0,0,247
0,0.185257058590651,1.19962379527844,0,1,247
1,0.726580381393433,1.27418852710148,0,0,247
1,0.487439463846385,1.19962379527844,1,1,247
0,4.24162142326064,1.93027367196074,1,1,248
1,0.338194412179291,1.92941091482334,0,1,248
1,2.76527540004792,1.94516374965173,0,0,248
0,0.838890544899561,1.88320821306052,0,0,248
0,1.41833461067619,1.88320821306052,0,0,248
0,2.88497483864553,2.0371589457609,1,1,248
0,7.11972781278241,1.8953572136393,0,1,248
1,1.22661647293717,1.94182048538837,0,1,248
0,1.92428215355585,1.88320821306052,0,1,248
0,2.25389430156187,1.9830404752219,1,1,248
0,0.059145421432311,1.93711250306745,1,1,248
0,0.789496560581028,1.88320821306052,0,0,248
0,4.90725076545901,1.89338449680524,1,1,248
0,1.38520700111985,1.88320821306052,0,1,248
0,3.14306311292534,1.88320821306052,0,0,248
0,0.164397536560777,1.8866336533699,1,1,248
1,0.413961454294622,1.92143285456102,0,0,248
0,1.83246887990712,0.878404223413636,1,1,249
1,1.13980760425329,0.856616923840724,0,0,249
0,6.63651108708153,0.856616923840724,0,0,249
0,0.225547842681408,0.893665158085846,0,0,249
0,0.414415709674358,0.856616923840724,0,0,249
0,2.19740092187169,0.856616923840724,0,1,249
1,6.46912769939671,0.856616923840724,0,1,249
0,7.54336309226887,0.918535961770813,0,1,249
1,0.627437203191221,0.932259895182282,0,0,249
1,0.761480626650155,0.856616923840724,0,0,249
0,0.92076603975147,0.856616923840724,0,0,249
1,0.530239218845963,0.856616923840724,0,0,249
1,0.923942262306809,0.856616923840724,1,1,249
0,0.737819824933153,0.856616923840724,0,0,249
0,3.75843580422883,0.92894430494323,1,1,250
0,6.89909082617531,0.92894430494323,0,0,250
0,5.46801355083413,0.92894430494323,1,1,250
0,2.0517385098243,0.974305681623661,0,1,250
0,0.15715564170556,0.92894430494323,0,1,250
0,7.93144760611367,0.92894430494323,1,1,250
0,1.39663982504729,0.92894430494323,0,1,250
0,1.90139384373071,0.991338137458802,0,0,250
0,0.255664841271937,0.92894430494323,1,1,250
